종목코드,연도,종목명
0000,2024,타워크레인설치·해체기능사
0000,2025,타워크레인설치·해체기능사
0000,2026,타워크레인설치·해체기능사
0000,2027,타워크레인설치·해체기능사
0000,2028,타워크레인설치·해체기능사
0011,2024,용접기술사
0011,2025,용접기술사
0011,2026,용접기술사
0011,2027,용접기술사
0011,2028,용접기술사
0012,2024,금형기술사
0012,2025,금형기술사
0012,2026,금형기술사
0012,2027,금형기술사
0012,2028,금형기술사
0050,2024,차량기술사
0050,2025,차량기술사
0050,2026,차량기술사
0050,2027,차량기술사
0050,2028,차량기술사
0060,2024,산업기계설비기술사
0060,2025,산업기계설비기술사
0060,2026,산업기계설비기술사
0060,2027,산업기계설비기술사
0060,2028,산업기계설비기술사
0071,2024,공조냉동기계기술사
0071,2025,공조냉동기계기술사
0071,2026,공조냉동기계기술사
0071,2027,공조냉동기계기술사
0071,2028,공조냉동기계기술사
0080,2024,건설기계기술사
0080,2025,건설기계기술사
0080,2026,건설기계기술사
0080,2027,건설기계기술사
0080,2028,건설기계기술사
0094,2024,금속제련기술사
0094,2025,금속제련기술사
0094,2026,금속제련기술사
0094,2027,금속제련기술사
0094,2028,금속제련기술사
0110,2024,금속재료기술사
0110,2025,금속재료기술사
0110,2026,금속재료기술사
0110,2027,금속재료기술사
0110,2028,금속재료기술사
0120,2024,표면처리기술사
0120,2025,표면처리기술사
0120,2026,표면처리기술사
0120,2027,표면처리기술사
0120,2028,표면처리기술사
0130,2024,금속가공기술사
0130,2025,금속가공기술사
0130,2026,금속가공기술사
0130,2027,금속가공기술사
0130,2028,금속가공기술사
0210,2024,화공기술사
0210,2025,화공기술사
0210,2026,화공기술사
0210,2027,화공기술사
0210,2028,화공기술사
0230,2024,발송배전기술사
0230,2025,발송배전기술사
0230,2026,발송배전기술사
0230,2027,발송배전기술사
0230,2028,발송배전기술사
0250,2024,전기응용기술사
0250,2025,전기응용기술사
0250,2026,전기응용기술사
0250,2027,전기응용기술사
0250,2028,전기응용기술사
0261,2024,철도신호기술사
0261,2025,철도신호기술사
0261,2026,철도신호기술사
0261,2027,철도신호기술사
0261,2028,철도신호기술사
0270,2024,산업계측제어기술사
0270,2025,산업계측제어기술사
0270,2026,산업계측제어기술사
0270,2027,산업계측제어기술사
0270,2028,산업계측제어기술사
0301,2024,전자응용기술사
0301,2025,전자응용기술사
0301,2026,전자응용기술사
0301,2027,전자응용기술사
0301,2028,전자응용기술사
0320,2024,조선기술사
0320,2025,조선기술사
0320,2026,조선기술사
0320,2027,조선기술사
0320,2028,조선기술사
0360,2024,항공기체기술사
0360,2025,항공기체기술사
0360,2026,항공기체기술사
0360,2027,항공기체기술사
0360,2028,항공기체기술사
0370,2024,항공기관기술사
0370,2025,항공기관기술사
0370,2026,항공기관기술사
0370,2027,항공기관기술사
0370,2028,항공기관기술사
0390,2024,토질및기초기술사
0390,2025,토질및기초기술사
0390,2026,토질및기초기술사
0390,2027,토질및기초기술사
0390,2028,토질및기초기술사
0400,2024,토목구조기술사
0400,2025,토목구조기술사
0400,2026,토목구조기술사
0400,2027,토목구조기술사
0400,2028,토목구조기술사
0410,2024,항만및해안기술사
0410,2025,항만및해안기술사
0410,2026,항만및해안기술사
0410,2027,항만및해안기술사
0410,2028,항만및해안기술사
0420,2024,도로및공항기술사
0420,2025,도로및공항기술사
0420,2026,도로및공항기술사
0420,2027,도로및공항기술사
0420,2028,도로및공항기술사
0430,2024,철도기술사
0430,2025,철도기술사
0430,2026,철도기술사
0430,2027,철도기술사
0430,2028,철도기술사
0431,2024,철도차량기술사
0431,2025,철도차량기술사
0431,2026,철도차량기술사
0431,2027,철도차량기술사
0431,2028,철도차량기술사
0432,2024,전기철도기술사
0432,2025,전기철도기술사
0432,2026,전기철도기술사
0432,2027,전기철도기술사
0432,2028,전기철도기술사
0451,2024,수자원개발기술사
0451,2025,수자원개발기술사
0451,2026,수자원개발기술사
0451,2027,수자원개발기술사
0451,2028,수자원개발기술사
0460,2024,상하수도기술사
0460,2025,상하수도기술사
0460,2026,상하수도기술사
0460,2027,상하수도기술사
0460,2028,상하수도기술사
0470,2024,농어업토목기술사
0470,2025,농어업토목기술사
0470,2026,농어업토목기술사
0470,2027,농어업토목기술사
0470,2028,농어업토목기술사
0480,2024,토목시공기술사
0480,2025,토목시공기술사
0480,2026,토목시공기술사
0480,2027,토목시공기술사
0480,2028,토목시공기술사
0481,2024,토목품질시험기술사
0481,2025,토목품질시험기술사
0481,2026,토목품질시험기술사
0481,2027,토목품질시험기술사
0481,2028,토목품질시험기술사
0490,2024,건축구조기술사
0490,2025,건축구조기술사
0490,2026,건축구조기술사
0490,2027,건축구조기술사
0490,2028,건축구조기술사
0501,2024,건축기계설비기술사
0501,2025,건축기계설비기술사
0501,2026,건축기계설비기술사
0501,2027,건축기계설비기술사
0501,2028,건축기계설비기술사
0502,2024,건축전기설비기술사
0502,2025,건축전기설비기술사
0502,2026,건축전기설비기술사
0502,2027,건축전기설비기술사
0502,2028,건축전기설비기술사
0510,2024,건축시공기술사
0510,2025,건축시공기술사
0510,2026,건축시공기술사
0510,2027,건축시공기술사
0510,2028,건축시공기술사
0511,2024,건축품질시험기술사
0511,2025,건축품질시험기술사
0511,2026,건축품질시험기술사
0511,2027,건축품질시험기술사
0511,2028,건축품질시험기술사
0551,2024,섬유기술사
0551,2025,섬유기술사
0551,2026,섬유기술사
0551,2027,섬유기술사
0551,2028,섬유기술사
0561,2024,의류기술사
0561,2025,의류기술사
0561,2026,의류기술사
0561,2027,의류기술사
0561,2028,의류기술사
0570,2024,자원관리기술사
0570,2025,자원관리기술사
0570,2026,자원관리기술사
0570,2027,자원관리기술사
0570,2028,자원관리기술사
0575,2024,광해방지기술사
0575,2025,광해방지기술사
0575,2026,광해방지기술사
0575,2027,광해방지기술사
0575,2028,광해방지기술사
0591,2024,화약류관리기술사
0591,2025,화약류관리기술사
0591,2026,화약류관리기술사
0591,2027,화약류관리기술사
0591,2028,화약류관리기술사
0601,2024,정보관리기술사
0601,2025,정보관리기술사
0601,2026,정보관리기술사
0601,2027,정보관리기술사
0601,2028,정보관리기술사
0621,2024,정보통신기술사
0621,2025,정보통신기술사
0621,2026,정보통신기술사
0621,2027,정보통신기술사
0621,2028,정보통신기술사
0622,2024,컴퓨터시스템응용기술사
0622,2025,컴퓨터시스템응용기술사
0622,2026,컴퓨터시스템응용기술사
0622,2027,컴퓨터시스템응용기술사
0622,2028,컴퓨터시스템응용기술사
0650,2024,도시계획기술사
0650,2025,도시계획기술사
0650,2026,도시계획기술사
0650,2027,도시계획기술사
0650,2028,도시계획기술사
0670,2024,조경기술사
0670,2025,조경기술사
0670,2026,조경기술사
0670,2027,조경기술사
0670,2028,조경기술사
0680,2024,측량및지형공간정보기술사
0680,2025,측량및지형공간정보기술사
0680,2026,측량및지형공간정보기술사
0680,2027,측량및지형공간정보기술사
0680,2028,측량및지형공간정보기술사
0690,2024,지적기술사
0690,2025,지적기술사
0690,2026,지적기술사
0690,2027,지적기술사
0690,2028,지적기술사
0700,2024,해양기술사
0700,2025,해양기술사
0700,2026,해양기술사
0700,2027,해양기술사
0700,2028,해양기술사
0701,2024,수산양식기술사
0701,2025,수산양식기술사
0701,2026,수산양식기술사
0701,2027,수산양식기술사
0701,2028,수산양식기술사
0702,2024,어업기술사
0702,2025,어업기술사
0702,2026,어업기술사
0702,2027,어업기술사
0702,2028,어업기술사
0710,2024,기계안전기술사
0710,2025,기계안전기술사
0710,2026,기계안전기술사
0710,2027,기계안전기술사
0710,2028,기계안전기술사
0720,2024,화공안전기술사
0720,2025,화공안전기술사
0720,2026,화공안전기술사
0720,2027,화공안전기술사
0720,2028,화공안전기술사
0730,2024,전기안전기술사
0730,2025,전기안전기술사
0730,2026,전기안전기술사
0730,2027,전기안전기술사
0730,2028,전기안전기술사
0740,2024,건설안전기술사
0740,2025,건설안전기술사
0740,2026,건설안전기술사
0740,2027,건설안전기술사
0740,2028,건설안전기술사
0750,2024,소방기술사
0750,2025,소방기술사
0750,2026,소방기술사
0750,2027,소방기술사
0750,2028,소방기술사
0751,2024,산업위생관리기술사
0751,2025,산업위생관리기술사
0751,2026,산업위생관리기술사
0751,2027,산업위생관리기술사
0751,2028,산업위생관리기술사
0752,2024,가스기술사
0752,2025,가스기술사
0752,2026,가스기술사
0752,2027,가스기술사
0752,2028,가스기술사
0760,2024,공장관리기술사
0760,2025,공장관리기술사
0760,2026,공장관리기술사
0760,2027,공장관리기술사
0760,2028,공장관리기술사
0770,2024,품질관리기술사
0770,2025,품질관리기술사
0770,2026,품질관리기술사
0770,2027,품질관리기술사
0770,2028,품질관리기술사
0780,2024,포장기술사
0780,2025,포장기술사
0780,2026,포장기술사
0780,2027,포장기술사
0780,2028,포장기술사
0790,2024,세라믹기술사
0790,2025,세라믹기술사
0790,2026,세라믹기술사
0790,2027,세라믹기술사
0790,2028,세라믹기술사
0800,2024,식품기술사
0800,2025,식품기술사
0800,2026,식품기술사
0800,2027,식품기술사
0800,2028,식품기술사
0801,2024,산림기술사
0801,2025,산림기술사
0801,2026,산림기술사
0801,2027,산림기술사
0801,2028,산림기술사
0802,2024,비파괴검사기술사
0802,2025,비파괴검사기술사
0802,2026,비파괴검사기술사
0802,2027,비파괴검사기술사
0802,2028,비파괴검사기술사
0810,2024,수산제조기술사
0810,2025,수산제조기술사
0810,2026,수산제조기술사
0810,2027,수산제조기술사
0810,2028,수산제조기술사
0825,2024,지질및지반기술사
0825,2025,지질및지반기술사
0825,2026,지질및지반기술사
0825,2027,지질및지반기술사
0825,2028,지질및지반기술사
0840,2024,종자기술사
0840,2025,종자기술사
0840,2026,종자기술사
0840,2027,종자기술사
0840,2028,종자기술사
0841,2024,시설원예기술사
0841,2025,시설원예기술사
0841,2026,시설원예기술사
0841,2027,시설원예기술사
0841,2028,시설원예기술사
0851,2024,축산기술사
0851,2025,축산기술사
0851,2026,축산기술사
0851,2027,축산기술사
0851,2028,축산기술사
0872,2024,기계기술사
0872,2025,기계기술사
0872,2026,기계기술사
0872,2027,기계기술사
0872,2028,기계기술사
0875,2024,인간공학기술사
0875,2025,인간공학기술사
0875,2026,인간공학기술사
0875,2027,인간공학기술사
0875,2028,인간공학기술사
0880,2024,원자력발전기술사
0880,2025,원자력발전기술사
0880,2026,원자력발전기술사
0880,2027,원자력발전기술사
0880,2028,원자력발전기술사
0891,2024,기상예보기술사
0891,2025,기상예보기술사
0891,2026,기상예보기술사
0891,2027,기상예보기술사
0891,2028,기상예보기술사
0910,2024,방사선관리기술사
0910,2025,방사선관리기술사
0910,2026,방사선관리기술사
0910,2027,방사선관리기술사
0910,2028,방사선관리기술사
0920,2024,대기관리기술사
0920,2025,대기관리기술사
0920,2026,대기관리기술사
0920,2027,대기관리기술사
0920,2028,대기관리기술사
0930,2024,수질관리기술사
0930,2025,수질관리기술사
0930,2026,수질관리기술사
0930,2027,수질관리기술사
0930,2028,수질관리기술사
0938,2024,자연환경관리기술사
0938,2025,자연환경관리기술사
0938,2026,자연환경관리기술사
0938,2027,자연환경관리기술사
0938,2028,자연환경관리기술사
0940,2024,소음진동기술사
0940,2025,소음진동기술사
0940,2026,소음진동기술사
0940,2027,소음진동기술사
0940,2028,소음진동기술사
0948,2024,토양환경기술사
0948,2025,토양환경기술사
0948,2026,토양환경기술사
0948,2027,토양환경기술사
0948,2028,토양환경기술사
0950,2024,농화학기술사
0950,2025,농화학기술사
0950,2026,농화학기술사
0950,2027,농화학기술사
0950,2028,농화학기술사
0951,2024,교통기술사
0951,2025,교통기술사
0951,2026,교통기술사
0951,2027,교통기술사
0951,2028,교통기술사
0960,2024,제품디자인기술사
0960,2025,제품디자인기술사
0960,2026,제품디자인기술사
0960,2027,제품디자인기술사
0960,2028,제품디자인기술사
0970,2024,폐기물처리기술사
0970,2025,폐기물처리기술사
0970,2026,폐기물처리기술사
0970,2027,폐기물처리기술사
0970,2028,폐기물처리기술사
1021,2024,일반기계기사
1021,2025,일반기계기사
1021,2026,일반기계기사
1021,2027,일반기계기사
1021,2028,일반기계기사
1022,2024,용접기사
1022,2025,용접기사
1022,2026,용접기사
1022,2027,용접기사
1022,2028,용접기사
1023,2024,농업기계기사
1023,2025,농업기계기사
1023,2026,농업기계기사
1023,2027,농업기계기사
1023,2028,농업기계기사
1024,2024,사출금형기사
1024,2025,사출금형기사
1024,2026,사출금형기사
1024,2027,사출금형기사
1024,2028,사출금형기사
1025,2024,프레스금형기사
1025,2025,프레스금형기사
1025,2026,프레스금형기사
1025,2027,프레스금형기사
1025,2028,프레스금형기사
1027,2024,그린전동자동차기사
1027,2025,그린전동자동차기사
1027,2026,그린전동자동차기사
1027,2027,그린전동자동차기사
1027,2028,그린전동자동차기사
1028,2024,온실가스관리기사
1028,2025,온실가스관리기사
1028,2026,온실가스관리기사
1028,2027,온실가스관리기사
1028,2028,온실가스관리기사
1029,2024,환경위해관리기사
1029,2025,환경위해관리기사
1029,2026,환경위해관리기사
1029,2027,환경위해관리기사
1029,2028,환경위해관리기사
1030,2024,철도차량기사
1030,2025,철도차량기사
1030,2026,철도차량기사
1030,2027,철도차량기사
1030,2028,철도차량기사
1040,2024,건설기계설비기사
1040,2025,건설기계설비기사
1040,2026,건설기계설비기사
1040,2027,건설기계설비기사
1040,2028,건설기계설비기사
1048,2024,콘크리트기사
1048,2025,콘크리트기사
1048,2026,콘크리트기사
1048,2027,콘크리트기사
1048,2028,콘크리트기사
1050,2024,건설기계정비기사
1050,2025,건설기계정비기사
1050,2026,건설기계정비기사
1050,2027,건설기계정비기사
1050,2028,건설기계정비기사
1051,2024,궤도장비정비기사
1051,2025,궤도장비정비기사
1051,2026,궤도장비정비기사
1051,2027,궤도장비정비기사
1051,2028,궤도장비정비기사
1070,2024,자동차정비기사
1070,2025,자동차정비기사
1070,2026,자동차정비기사
1070,2027,자동차정비기사
1070,2028,자동차정비기사
1104,2024,금속재료기사
1104,2025,금속재료기사
1104,2026,금속재료기사
1104,2027,금속재료기사
1104,2028,금속재료기사
1110,2024,화공기사
1110,2025,화공기사
1110,2026,화공기사
1110,2027,화공기사
1110,2028,화공기사
1114,2024,신재생에너지발전설비기사(태양광)
1114,2025,신재생에너지발전설비기사(태양광)
1114,2026,신재생에너지발전설비기사(태양광)
1114,2027,신재생에너지발전설비기사(태양광)
1114,2028,신재생에너지발전설비기사(태양광)
1121,2024,임베디드기사
1121,2025,임베디드기사
1121,2026,임베디드기사
1121,2027,임베디드기사
1121,2028,임베디드기사
1125,2024,정밀화학기사
1125,2025,정밀화학기사
1125,2026,정밀화학기사
1125,2027,정밀화학기사
1125,2028,정밀화학기사
1130,2024,화약류제조기사
1130,2025,화약류제조기사
1130,2026,화약류제조기사
1130,2027,화약류제조기사
1130,2028,화약류제조기사
1140,2024,화약류관리기사
1140,2025,화약류관리기사
1140,2026,화약류관리기사
1140,2027,화약류관리기사
1140,2028,화약류관리기사
1150,2024,전기기사
1150,2025,전기기사
1150,2026,전기기사
1150,2027,전기기사
1150,2028,전기기사
1160,2024,전기공사기사
1160,2025,전기공사기사
1160,2026,전기공사기사
1160,2027,전기공사기사
1160,2028,전기공사기사
1170,2024,전자기사
1170,2025,전자기사
1170,2026,전자기사
1170,2027,전자기사
1170,2028,전자기사
1176,2024,의공기사
1176,2025,의공기사
1176,2026,의공기사
1176,2027,의공기사
1176,2028,의공기사
1177,2024,로봇기구개발기사
1177,2025,로봇기구개발기사
1177,2026,로봇기구개발기사
1177,2027,로봇기구개발기사
1177,2028,로봇기구개발기사
1178,2024,로봇소프트웨어개발기사
1178,2025,로봇소프트웨어개발기사
1178,2026,로봇소프트웨어개발기사
1178,2027,로봇소프트웨어개발기사
1178,2028,로봇소프트웨어개발기사
1179,2024,로봇하드웨어개발기사
1179,2025,로봇하드웨어개발기사
1179,2026,로봇하드웨어개발기사
1179,2027,로봇하드웨어개발기사
1179,2028,로봇하드웨어개발기사
1192,2024,정보통신기사
1192,2025,정보통신기사
1192,2026,정보통신기사
1192,2027,정보통신기사
1192,2028,정보통신기사
1194,2024,방송통신기사
1194,2025,방송통신기사
1194,2026,방송통신기사
1194,2027,방송통신기사
1194,2028,방송통신기사
1195,2024,전파전자통신기사
1195,2025,전파전자통신기사
1195,2026,전파전자통신기사
1195,2027,전파전자통신기사
1195,2028,전파전자통신기사
1200,2024,무선설비기사
1200,2025,무선설비기사
1200,2026,무선설비기사
1200,2027,무선설비기사
1200,2028,무선설비기사
1221,2024,조선선체기사
1221,2025,조선선체기사
1221,2026,조선선체기사
1221,2027,조선선체기사
1221,2028,조선선체기사
1222,2024,조선의장기사
1222,2025,조선의장기사
1222,2026,조선의장기사
1222,2027,조선의장기사
1222,2028,조선의장기사
1240,2024,항공기사
1240,2025,항공기사
1240,2026,항공기사
1240,2027,항공기사
1240,2028,항공기사
1250,2024,토목기사
1250,2025,토목기사
1250,2026,토목기사
1250,2027,토목기사
1250,2028,토목기사
1282,2024,실내건축기사
1282,2025,실내건축기사
1282,2026,실내건축기사
1282,2027,실내건축기사
1282,2028,실내건축기사
1297,2024,섬유기사
1297,2025,섬유기사
1297,2026,섬유기사
1297,2027,섬유기사
1297,2028,섬유기사
1301,2024,의류기사
1301,2025,의류기사
1301,2026,의류기사
1301,2027,의류기사
1301,2028,의류기사
1312,2024,서비스·경험디자인기사
1312,2025,서비스·경험디자인기사
1312,2026,서비스·경험디자인기사
1312,2027,서비스·경험디자인기사
1312,2028,서비스·경험디자인기사
1320,2024,정보처리기사
1320,2025,정보처리기사
1320,2026,정보처리기사
1320,2027,정보처리기사
1320,2028,정보처리기사
1321,2024,전자계산기기사
1321,2025,전자계산기기사
1321,2026,컴퓨터시스템기사
1321,2027,컴퓨터시스템기사
1321,2028,컴퓨터시스템기사
1322,2024,전자계산기조직응용기사
1322,2025,전자계산기조직응용기사
1322,2026,컴퓨터시스템기사
1322,2027,컴퓨터시스템기사
1322,2028,컴퓨터시스템기사
1324,2024,빅데이터분석기사
1324,2025,빅데이터분석기사
1324,2026,빅데이터분석기사
1324,2027,빅데이터분석기사
1324,2028,빅데이터분석기사
1325,2024,정보보안기사
1325,2025,정보보안기사
1325,2026,정보보안기사
1325,2027,정보보안기사
1325,2028,정보보안기사
1330,2024,원자력기사
1330,2025,원자력기사
1330,2026,원자력기사
1330,2027,원자력기사
1330,2028,원자력기사
1340,2024,에너지관리기사
1340,2025,에너지관리기사
1340,2026,에너지관리기사
1340,2027,에너지관리기사
1340,2028,에너지관리기사
1350,2024,도시계획기사
1350,2025,도시계획기사
1350,2026,도시계획기사
1350,2027,도시계획기사
1350,2028,도시계획기사
1351,2024,항로표지기사
1351,2025,항로표지기사
1351,2026,항로표지기사
1351,2027,항로표지기사
1351,2028,항로표지기사
1370,2024,조경기사
1370,2025,조경기사
1370,2026,조경기사
1370,2027,조경기사
1370,2028,조경기사
1380,2024,측량및지형공간정보기사
1380,2025,측량및지형공간정보기사
1380,2026,측량및지형공간정보기사
1380,2027,측량및지형공간정보기사
1380,2028,측량및지형공간정보기사
1390,2024,지적기사
1390,2025,지적기사
1390,2026,지적기사
1390,2027,지적기사
1390,2028,지적기사
1391,2024,인쇄기사
1391,2025,인쇄설계기사
1391,2026,인쇄설계기사
1391,2027,인쇄설계기사
1391,2028,인쇄설계기사
1401,2024,해양환경기사
1401,2025,해양환경기사
1401,2026,해양환경기사
1401,2027,해양환경기사
1401,2028,해양환경기사
1402,2024,해양자원개발기사
1402,2025,해양자원개발기사
1402,2026,해양자원개발기사
1402,2027,해양자원개발기사
1402,2028,해양자원개발기사
1403,2024,해양공학기사
1403,2025,해양공학기사
1403,2026,해양공학기사
1403,2027,해양공학기사
1403,2028,해양공학기사
1431,2024,산업안전기사
1431,2025,산업안전기사
1431,2026,산업안전기사
1431,2027,산업안전기사
1431,2028,산업안전기사
1440,2024,건설안전기사
1440,2025,건설안전기사
1440,2026,건설안전기사
1440,2027,건설안전기사
1440,2028,건설안전기사
1441,2024,화재감식평가기사
1441,2025,화재감식평가기사
1441,2026,화재감식평가기사
1441,2027,화재감식평가기사
1441,2028,화재감식평가기사
1442,2024,농작업안전보건기사
1442,2025,농작업안전보건기사
1442,2026,농작업안전보건기사
1442,2027,농작업안전보건기사
1442,2028,농작업안전보건기사
1443,2024,방재기사
1443,2025,방재기사
1443,2026,방재기사
1443,2027,방재기사
1443,2028,방재기사
1450,2024,광산보안기사
1450,2025,광산보안기사
1450,2026,광산보안기사
1450,2027,광산보안기사
1450,2028,광산보안기사
1471,2024,가스기사
1471,2025,가스기사
1471,2026,가스기사
1471,2027,가스기사
1471,2028,가스기사
1472,2024,산업위생관리기사
1472,2025,산업위생관리기사
1472,2026,산업위생관리기사
1472,2027,산업위생관리기사
1472,2028,산업위생관리기사
1500,2024,품질경영기사
1500,2025,품질경영기사
1500,2026,품질경영기사
1500,2027,품질경영기사
1500,2028,품질경영기사
1511,2024,포장기사
1511,2025,포장기사
1511,2026,포장기사
1511,2027,포장기사
1511,2028,포장기사
1512,2024,제품디자인기사
1512,2025,제품디자인기사
1512,2026,제품디자인기사
1512,2027,제품디자인기사
1512,2028,제품디자인기사
1513,2024,광학기사
1513,2025,광학기사
1513,2026,광학기사
1513,2027,광학기사
1513,2028,광학기사
1530,2024,식품기사
1530,2025,식품안전기사
1530,2026,식품안전기사
1530,2027,식품안전기사
1530,2028,식품안전기사
1540,2024,수산제조기사
1540,2025,수산제조기사
1540,2026,수산제조기사
1540,2027,수산제조기사
1540,2028,수산제조기사
1541,2024,식육가공기사
1541,2025,식육가공기사
1541,2026,식육가공기사
1541,2027,식육가공기사
1541,2028,식육가공기사
1550,2024,응용지질기사
1550,2025,응용지질기사
1550,2026,응용지질기사
1550,2027,응용지질기사
1550,2028,응용지질기사
1555,2024,승강기기사
1555,2025,승강기기사
1555,2026,승강기기사
1555,2027,승강기기사
1555,2028,승강기기사
1560,2024,종자기사
1560,2025,종자기사
1560,2026,종자기사
1560,2027,종자기사
1560,2028,종자기사
1562,2024,식물보호기사
1562,2025,식물보호기사
1562,2026,식물보호기사
1562,2027,식물보호기사
1562,2028,식물보호기사
1563,2024,화학분석기사
1563,2025,화학분석기사
1563,2026,화학분석기사
1563,2027,화학분석기사
1563,2028,화학분석기사
1564,2024,산림기사
1564,2025,산림기사
1564,2026,산림기사
1564,2027,산림기사
1564,2028,산림기사
1570,2024,임업종묘기사
1570,2025,임업종묘기사
1570,2026,임업종묘기사
1570,2027,산림종묘기사
1570,2028,산림종묘기사
1575,2024,광해방지기사
1575,2025,광해방지기사
1575,2026,광해방지기사
1575,2027,광해방지기사
1575,2028,광해방지기사
1576,2024,화훼장식기사
1576,2025,화훼장식기사
1576,2026,화훼장식기사
1576,2027,화훼장식기사
1576,2028,화훼장식기사
1581,2024,축산기사
1581,2025,축산기사
1581,2026,축산기사
1581,2027,축산기사
1581,2028,축산기사
1590,2024,임산가공기사
1590,2025,임산가공기사
1590,2026,임산가공기사
1590,2027,임산가공기사
1590,2028,임산가공기사
1592,2024,유기농업기사
1592,2025,유기농업기사
1592,2026,유기농업기사
1592,2027,유기농업기사
1592,2028,유기농업기사
1600,2024,기상기사
1600,2025,기상기사
1600,2026,기상기사
1600,2027,기상기후기사
1600,2028,기상기후기사
1601,2024,기상감정기사
1601,2025,기상감정기사
1601,2026,기상감정기사
1601,2027,기상감정기사
1601,2028,기상감정기사
1611,2024,방사선비파괴검사기사
1611,2025,방사선비파괴검사기사
1611,2026,방사선비파괴검사기사
1611,2027,방사선비파괴검사기사
1611,2028,방사선비파괴검사기사
1612,2024,초음파비파괴검사기사
1612,2025,초음파비파괴검사기사
1612,2026,초음파비파괴검사기사
1612,2027,초음파비파괴검사기사
1612,2028,초음파비파괴검사기사
1613,2024,자기비파괴검사기사
1613,2025,자기비파괴검사기사
1613,2026,자기비파괴검사기사
1613,2027,자기비파괴검사기사
1613,2028,자기비파괴검사기사
1614,2024,침투비파괴검사기사
1614,2025,침투비파괴검사기사
1614,2026,침투비파괴검사기사
1614,2027,침투비파괴검사기사
1614,2028,침투비파괴검사기사
1615,2024,와전류비파괴검사기사
1615,2025,와전류비파괴검사기사
1615,2026,와전류비파괴검사기사
1615,2027,와전류비파괴검사기사
1615,2028,와전류비파괴검사기사
1617,2024,누설비파괴검사기사
1617,2025,누설비파괴검사기사
1617,2026,누설비파괴검사기사
1617,2027,누설비파괴검사기사
1617,2028,누설비파괴검사기사
1625,2024,수산양식기사
1625,2025,수산양식기사
1625,2026,수산양식기사
1625,2027,수산양식기사
1625,2028,수산양식기사
1630,2024,건축기사
1630,2025,건축기사
1630,2026,건축기사
1630,2027,건축기사
1630,2028,건축기사
1632,2024,건축설비기사
1632,2025,건축설비기사
1632,2026,건축설비기사
1632,2027,건축설비기사
1632,2028,건축설비기사
1633,2024,어업생산관리기사
1633,2025,어업생산관리기사
1633,2026,어업생산관리기사
1633,2027,어업생산관리기사
1633,2028,어업생산관리기사
1641,2024,버섯산업기사
1641,2025,버섯산업기사
1641,2026,버섯산업기사
1641,2027,버섯산업기사
1641,2028,버섯산업기사
1661,2024,대기환경기사
1661,2025,대기환경기사
1661,2026,대기환경기사
1661,2027,대기환경기사
1661,2028,대기환경기사
1662,2024,수질환경기사
1662,2025,수질환경기사
1662,2026,수질환경기사
1662,2027,수질환경기사
1662,2028,수질환경기사
1663,2024,소음진동기사
1663,2025,소음진동기사
1663,2026,소음진동기사
1663,2027,소음진동기사
1663,2028,소음진동기사
1730,2024,공조냉동기계기사
1730,2025,공조냉동기계기사
1730,2026,공조냉동기계기사
1730,2027,공조냉동기계기사
1730,2028,공조냉동기계기사
1740,2024,철도신호기사
1740,2025,철도신호기사
1740,2026,철도신호기사
1740,2027,철도신호기사
1740,2028,철도신호기사
1741,2024,전기철도기사
1741,2025,전기철도기사
1741,2026,전기철도기사
1741,2027,전기철도기사
1741,2028,전기철도기사
1750,2024,건설재료시험기사
1750,2025,건설재료시험기사
1750,2026,건설재료시험기사
1750,2027,건설재료시험기사
1750,2028,건설재료시험기사
1751,2024,교통기사
1751,2025,교통기사
1751,2026,교통기사
1751,2027,교통기사
1751,2028,교통기사
1760,2024,철도토목기사
1760,2025,철도토목기사
1760,2026,철도토목기사
1760,2027,철도토목기사
1760,2028,철도토목기사
1780,2024,시설원예기사
1780,2025,시설원예기사
1780,2026,시설원예기사
1780,2027,시설원예기사
1780,2028,시설원예기사
1790,2024,시각디자인기사
1790,2025,시각디자인기사
1790,2026,시각디자인기사
1790,2027,시각디자인기사
1790,2028,시각디자인기사
1800,2024,바이오화학제품제조기사
1800,2025,바이오화학제품제조기사
1800,2026,바이오화학제품제조기사
1800,2027,바이오화학제품제조기사
1800,2028,바이오화학제품제조기사
1837,2024,설비보전기사
1837,2025,설비보전기사
1837,2026,설비보전기사
1837,2027,설비보전기사
1837,2028,설비보전기사
1875,2024,인간공학기사
1875,2025,인간공학기사
1875,2026,인간공학기사
1875,2027,인간공학기사
1875,2028,인간공학기사
1900,2024,소방설비기사(기계분야)
1900,2025,소방설비기사(기계분야)
1900,2026,소방설비기사(기계분야)
1900,2027,소방설비기사(기계분야)
1900,2028,소방설비기사(기계분야)
1910,2024,소방설비기사(전기분야)
1910,2025,소방설비기사(전기분야)
1910,2026,소방설비기사(전기분야)
1910,2027,소방설비기사(전기분야)
1910,2028,소방설비기사(전기분야)
1938,2024,자연생태복원기사
1938,2025,자연생태복원기사
1938,2026,자연생태복원기사
1938,2027,자연생태복원기사
1938,2028,자연생태복원기사
1948,2024,토양환경기사
1948,2025,토양환경기사
1948,2026,토양환경기사
1948,2027,토양환경기사
1948,2028,토양환경기사
1950,2024,폐기물처리기사
1950,2025,폐기물처리기사
1950,2026,폐기물처리기사
1950,2027,폐기물처리기사
1950,2028,폐기물처리기사
1982,2024,컬러리스트기사
1982,2025,컬러리스트기사
1982,2026,컬러리스트기사
1982,2027,컬러리스트기사
1982,2028,컬러리스트기사
1988,2024,생물분류기사(식물)
1988,2025,생물분류기사(식물)
1988,2026,생물분류기사(식물)
1988,2027,생물분류기사(식물)
1988,2028,생물분류기사(식물)
1989,2024,생물분류기사(동물)
1989,2025,생물분류기사(동물)
1989,2026,생물분류기사(동물)
1989,2027,생물분류기사(동물)
1989,2028,생물분류기사(동물)
1998,2026,컴퓨터시스템기사
2011,2024,기계조립산업기사
2011,2025,기계조립산업기사
2011,2026,기계조립산업기사
2011,2027,기계조립산업기사
2011,2028,기계조립산업기사
2012,2024,판금제관산업기사
2012,2025,판금제관산업기사
2012,2026,판금제관산업기사
2012,2027,판금제관산업기사
2012,2028,판금제관산업기사
2025,2024,컴퓨터응용가공산업기사
2025,2025,컴퓨터응용가공산업기사
2025,2026,컴퓨터응용가공산업기사
2025,2027,컴퓨터응용가공산업기사
2025,2028,컴퓨터응용가공산업기사
2026,2024,용접산업기사
2026,2025,용접산업기사
2026,2026,용접산업기사
2026,2027,용접산업기사
2026,2028,용접산업기사
2027,2024,농업기계산업기사
2027,2025,농업기계산업기사
2027,2026,농업기계산업기사
2027,2027,농업기계산업기사
2027,2028,농업기계산업기사
2028,2024,사출금형산업기사
2028,2025,사출금형산업기사
2028,2026,사출금형산업기사
2028,2027,사출금형산업기사
2028,2028,사출금형산업기사
2029,2024,프레스금형산업기사
2029,2025,프레스금형산업기사
2029,2026,프레스금형산업기사
2029,2027,프레스금형산업기사
2029,2028,프레스금형산업기사
2030,2024,철도차량산업기사
2030,2025,철도차량산업기사
2030,2026,철도차량산업기사
2030,2027,철도차량산업기사
2030,2028,철도차량산업기사
2031,2024,기계설계산업기사
2031,2025,기계설계산업기사
2031,2026,기계설계산업기사
2031,2027,기계설계산업기사
2031,2028,기계설계산업기사
2034,2024,자동화설비산업기사
2034,2025,자동화설비산업기사
2034,2026,자동화설비산업기사
2034,2027,자동화설비산업기사
2034,2028,자동화설비산업기사
2035,2024,기계정비산업기사
2035,2025,설비보전산업기사
2035,2026,설비보전산업기사
2035,2027,설비보전산업기사
2035,2028,설비보전산업기사
2036,2024,전기철도산업기사
2036,2025,전기철도산업기사
2036,2026,전기철도산업기사
2036,2027,전기철도산업기사
2036,2028,전기철도산업기사
2040,2024,건설기계설비산업기사
2040,2025,건설기계설비산업기사
2040,2026,건설기계설비산업기사
2040,2027,건설기계설비산업기사
2040,2028,건설기계설비산업기사
2041,2024,배관산업기사
2041,2025,배관산업기사
2041,2026,배관산업기사
2041,2027,배관산업기사
2041,2028,배관산업기사
2045,2024,철도운송산업기사
2045,2025,철도운송산업기사
2045,2026,철도운송산업기사
2045,2027,철도운송산업기사
2045,2028,철도운송산업기사
2047,2024,영사산업기사
2047,2025,영사산업기사
2047,2026,영사산업기사
2047,2027,영사산업기사
2047,2028,영사산업기사
2048,2024,콘크리트산업기사
2048,2025,콘크리트산업기사
2048,2026,콘크리트산업기사
2048,2027,콘크리트산업기사
2048,2028,콘크리트산업기사
2050,2024,건설기계정비산업기사
2050,2025,건설기계정비산업기사
2050,2026,건설기계정비산업기사
2050,2027,건설기계정비산업기사
2050,2028,건설기계정비산업기사
2051,2024,궤도장비정비산업기사
2051,2025,궤도장비정비산업기사
2051,2026,궤도장비정비산업기사
2051,2027,궤도장비정비산업기사
2051,2028,궤도장비정비산업기사
2070,2024,자동차정비산업기사
2070,2025,자동차정비산업기사
2070,2026,자동차정비산업기사
2070,2027,자동차정비산업기사
2070,2028,자동차정비산업기사
2085,2024,패션머천다이징산업기사
2085,2025,패션머천다이징산업기사
2085,2026,패션머천다이징산업기사
2085,2027,패션머천다이징산업기사
2085,2028,패션머천다이징산업기사
2101,2024,금속재료산업기사
2101,2025,금속재료산업기사
2101,2026,금속재료산업기사
2101,2027,금속재료산업기사
2101,2028,금속재료산업기사
2104,2024,정밀측정산업기사
2104,2025,정밀측정산업기사
2104,2026,정밀측정산업기사
2104,2027,정밀측정산업기사
2104,2028,정밀측정산업기사
2105,2024,주조산업기사
2105,2025,주조산업기사
2105,2026,주조산업기사
2105,2027,주조산업기사
2105,2028,주조산업기사
2106,2024,표면처리산업기사
2106,2025,표면처리산업기사
2106,2026,표면처리산업기사
2106,2027,표면처리산업기사
2106,2028,표면처리산업기사
2107,2024,재료조직평가산업기사
2107,2025,재료조직평가산업기사
2108,2024,광학기기산업기사
2108,2025,광학기기산업기사
2108,2026,광학기기산업기사
2108,2027,광학기기산업기사
2108,2028,광학기기산업기사
2114,2024,신재생에너지발전설비산업기사(태양광)
2114,2025,신재생에너지발전설비산업기사(태양광)
2114,2026,신재생에너지발전설비산업기사(태양광)
2114,2027,신재생에너지발전설비산업기사(태양광)
2114,2028,신재생에너지발전설비산업기사(태양광)
2120,2024,화약류제조산업기사
2120,2025,화약류제조산업기사
2120,2026,화약류제조산업기사
2120,2027,화약류제조산업기사
2120,2028,화약류제조산업기사
2121,2024,위험물산업기사
2121,2025,위험물산업기사
2121,2026,위험물산업기사
2121,2027,위험물산업기사
2121,2028,위험물산업기사
2130,2024,화약류관리산업기사
2130,2025,화약류관리산업기사
2130,2026,화약류관리산업기사
2130,2027,화약류관리산업기사
2130,2028,화약류관리산업기사
2135,2024,광산보안산업기사
2135,2025,광산보안산업기사
2135,2026,광산보안산업기사
2135,2027,광산보안산업기사
2135,2028,광산보안산업기사
2140,2024,전기산업기사
2140,2025,전기산업기사
2140,2026,전기산업기사
2140,2027,전기산업기사
2140,2028,전기산업기사
2142,2024,가구제작산업기사
2142,2025,가구제작산업기사
2142,2026,가구제작산업기사
2142,2027,가구제작산업기사
2142,2028,가구제작산업기사
2150,2024,전기공사산업기사
2150,2025,전기공사산업기사
2150,2026,전기공사산업기사
2150,2027,전기공사산업기사
2150,2028,전기공사산업기사
2160,2024,철도신호산업기사
2160,2025,철도신호산업기사
2160,2026,철도신호산업기사
2160,2027,철도신호산업기사
2160,2028,철도신호산업기사
2170,2024,전자산업기사
2170,2025,전자산업기사
2170,2026,전자산업기사
2170,2027,전자산업기사
2170,2028,전자산업기사
2175,2024,반도체설계산업기사
2175,2025,반도체설계산업기사
2175,2026,반도체커스텀레이아웃산업기사
2175,2027,반도체커스텀레이아웃산업기사
2175,2028,반도체커스텀레이아웃산업기사
2176,2024,의공산업기사
2176,2025,의공산업기사
2176,2026,의공산업기사
2176,2027,의공산업기사
2176,2028,의공산업기사
2177,2024,3D프린터개발산업기사
2177,2025,3D프린터개발산업기사
2177,2026,3D프린터개발산업기사
2177,2027,3D프린터개발산업기사
2177,2028,3D프린터개발산업기사
2192,2024,정보통신산업기사
2192,2025,정보통신산업기사
2192,2026,정보통신산업기사
2192,2027,정보통신산업기사
2192,2028,정보통신산업기사
2193,2024,사무자동화산업기사
2193,2025,사무자동화산업기사
2193,2026,사무자동화산업기사
2193,2027,사무자동화산업기사
2193,2028,사무자동화산업기사
2194,2024,방송통신산업기사
2194,2025,방송통신산업기사
2194,2026,방송통신산업기사
2194,2027,방송통신산업기사
2194,2028,방송통신산업기사
2195,2024,전파전자통신산업기사
2195,2025,전파전자통신산업기사
2195,2026,전파전자통신산업기사
2195,2027,전파전자통신산업기사
2195,2028,전파전자통신산업기사
2200,2024,무선설비산업기사
2200,2025,무선설비산업기사
2200,2026,무선설비산업기사
2200,2027,무선설비산업기사
2200,2028,무선설비산업기사
2210,2024,통신선로산업기사
2210,2025,통신선로산업기사
2210,2026,정보통신산업기사
2210,2027,정보통신산업기사
2210,2028,정보통신산업기사
2220,2024,조선산업기사
2220,2025,조선산업기사
2220,2026,조선산업기사
2220,2027,조선산업기사
2220,2028,조선산업기사
2230,2024,항공산업기사
2230,2025,항공산업기사
2230,2026,항공산업기사
2230,2027,항공산업기사
2230,2028,항공산업기사
2240,2024,토목산업기사
2240,2025,토목산업기사
2240,2026,토목산업기사
2240,2027,토목산업기사
2240,2028,토목산업기사
2251,2024,건축일반시공산업기사
2251,2025,건축일반시공산업기사
2251,2026,건축일반시공산업기사
2251,2027,건축일반시공산업기사
2251,2028,건축일반시공산업기사
2253,2024,건축목공산업기사
2253,2025,건축목공산업기사
2253,2026,건축목공산업기사
2253,2027,건축목공산업기사
2253,2028,건축목공산업기사
2264,2024,섬유디자인산업기사
2264,2025,섬유디자인산업기사
2264,2026,섬유디자인산업기사
2264,2027,섬유디자인산업기사
2264,2028,텍스타일디자인산업기사
2277,2024,섬유산업기사
2277,2025,섬유산업기사
2277,2026,섬유산업기사
2277,2027,섬유산업기사
2277,2028,섬유산업기사
2282,2024,실내건축산업기사
2282,2025,실내건축산업기사
2282,2026,실내건축산업기사
2282,2027,실내건축산업기사
2282,2028,실내건축산업기사
2290,2024,정보처리산업기사
2290,2025,정보처리산업기사
2290,2026,정보처리산업기사
2290,2027,정보처리산업기사
2290,2028,정보처리산업기사
2301,2024,패션디자인산업기사
2301,2025,패션디자인산업기사
2301,2026,패션디자인산업기사
2301,2027,패션디자인산업기사
2301,2028,패션디자인산업기사
2302,2024,신발산업기사
2302,2025,신발산업기사
2302,2026,신발산업기사
2302,2027,신발산업기사
2302,2028,신발산업기사
2320,2024,조경산업기사
2320,2025,조경산업기사
2320,2026,조경산업기사
2320,2027,조경산업기사
2320,2028,조경산업기사
2324,2024,전자계산기제어산업기사
2324,2025,전자계산기제어산업기사
2325,2024,정보보안산업기사
2325,2025,정보보안산업기사
2325,2026,정보보안산업기사
2325,2027,정보보안산업기사
2325,2028,정보보안산업기사
2330,2024,측량및지형공간정보산업기사
2330,2025,측량및지형공간정보산업기사
2330,2026,측량및지형공간정보산업기사
2330,2027,측량및지형공간정보산업기사
2330,2028,측량및지형공간정보산업기사
2331,2024,공간정보융합산업기사
2331,2025,공간정보융합산업기사
2331,2026,공간정보융합산업기사
2331,2027,공간정보융합산업기사
2331,2028,공간정보융합산업기사
2340,2024,지적산업기사
2340,2025,지적산업기사
2340,2026,지적산업기사
2340,2027,지적산업기사
2340,2028,지적산업기사
2350,2024,해양조사산업기사
2350,2025,해양조사산업기사
2350,2026,해양조사산업기사
2350,2027,해양조사산업기사
2350,2028,해양조사산업기사
2351,2024,항로표지산업기사
2351,2025,항로표지산업기사
2351,2026,항로표지산업기사
2351,2027,항로표지산업기사
2351,2028,항로표지산업기사
2381,2024,산업안전산업기사
2381,2025,산업안전산업기사
2381,2026,산업안전산업기사
2381,2027,산업안전산업기사
2381,2028,산업안전산업기사
2390,2024,건설안전산업기사
2390,2025,건설안전산업기사
2390,2026,건설안전산업기사
2390,2027,건설안전산업기사
2390,2028,건설안전산업기사
2391,2024,인쇄산업기사
2391,2025,디지털인쇄산업기사
2391,2026,디지털인쇄산업기사
2391,2027,디지털인쇄산업기사
2391,2028,디지털인쇄산업기사
2395,2024,승강기산업기사
2395,2025,승강기산업기사
2395,2026,승강기산업기사
2395,2027,승강기산업기사
2395,2028,승강기산업기사
2420,2024,품질경영산업기사
2420,2025,품질경영산업기사
2420,2026,품질경영산업기사
2420,2027,품질경영산업기사
2420,2028,품질경영산업기사
2431,2024,포장산업기사
2431,2025,포장산업기사
2431,2026,포장산업기사
2432,2024,제품디자인산업기사
2432,2025,제품디자인산업기사
2432,2026,제품디자인산업기사
2432,2027,제품디자인산업기사
2432,2028,제품디자인산업기사
2434,2024,시각디자인산업기사
2434,2025,시각디자인산업기사
2434,2026,시각디자인산업기사
2434,2027,시각디자인산업기사
2434,2028,시각디자인산업기사
2441,2024,화재감식평가산업기사
2441,2025,화재감식평가산업기사
2441,2026,화재감식평가산업기사
2441,2027,화재감식평가산업기사
2441,2028,화재감식평가산업기사
2450,2024,식품산업기사
2450,2025,식품산업기사
2450,2026,식품산업기사
2450,2027,식품산업기사
2450,2028,식품산업기사
2470,2024,종자산업기사
2470,2025,종자산업기사
2470,2026,종자산업기사
2470,2027,종자산업기사
2470,2028,종자산업기사
2471,2024,가스산업기사
2471,2025,가스산업기사
2471,2026,가스산업기사
2471,2027,가스산업기사
2471,2028,가스산업기사
2472,2024,산업위생관리산업기사
2472,2025,산업위생관리산업기사
2472,2026,산업위생관리산업기사
2472,2027,산업위생관리산업기사
2472,2028,산업위생관리산업기사
2481,2024,산림산업기사
2481,2025,산림산업기사
2481,2026,산림산업기사
2481,2027,산림산업기사
2481,2028,산림산업기사
2491,2024,축산산업기사
2491,2025,축산산업기사
2491,2026,축산산업기사
2491,2027,축산산업기사
2491,2028,축산산업기사
2520,2024,수산양식산업기사
2520,2025,수산양식산업기사
2520,2026,수산양식산업기사
2520,2027,수산양식산업기사
2520,2028,수산양식산업기사
2521,2024,잠수산업기사
2521,2025,잠수산업기사
2521,2026,잠수산업기사
2521,2027,잠수산업기사
2521,2028,잠수산업기사
2530,2024,건축산업기사
2530,2025,건축산업기사
2530,2026,건축산업기사
2530,2027,건축산업기사
2530,2028,건축산업기사
2531,2024,건축설비산업기사
2531,2025,건축설비산업기사
2531,2026,건축설비산업기사
2531,2027,건축설비산업기사
2531,2028,건축설비산업기사
2551,2024,피아노조율산업기사
2551,2025,피아노조율산업기사
2551,2026,피아노조율산업기사
2551,2027,피아노조율산업기사
2551,2028,피아노조율산업기사
2562,2024,식물보호산업기사
2562,2025,식물보호산업기사
2562,2026,식물보호산업기사
2562,2027,식물보호산업기사
2562,2028,식물보호산업기사
2570,2024,바이오화학제품제조산업기사
2570,2025,바이오화학제품제조산업기사
2570,2026,바이오화학제품제조산업기사
2570,2027,바이오화학제품제조산업기사
2570,2028,바이오화학제품제조산업기사
2571,2024,대기환경산업기사
2571,2025,대기환경산업기사
2571,2026,대기환경산업기사
2571,2027,대기환경산업기사
2571,2028,대기환경산업기사
2572,2024,수질환경산업기사
2572,2025,수질환경산업기사
2572,2026,수질환경산업기사
2572,2027,수질환경산업기사
2572,2028,수질환경산업기사
2573,2024,소음진동산업기사
2573,2025,소음진동산업기사
2573,2026,소음진동산업기사
2573,2027,소음진동산업기사
2573,2028,소음진동산업기사
2590,2024,공조냉동기계산업기사
2590,2025,공조냉동기계산업기사
2590,2026,공조냉동기계산업기사
2590,2027,공조냉동기계산업기사
2590,2028,공조냉동기계산업기사
2592,2024,유기농업산업기사
2592,2025,유기농업산업기사
2592,2026,유기농업산업기사
2592,2027,유기농업산업기사
2592,2028,유기농업산업기사
2600,2024,건설재료시험산업기사
2600,2025,건설재료시험산업기사
2600,2026,건설재료시험산업기사
2600,2027,건설재료시험산업기사
2600,2028,건설재료시험산업기사
2611,2024,방사선비파괴검사산업기사
2611,2025,방사선비파괴검사산업기사
2611,2026,방사선비파괴검사산업기사
2611,2027,방사선비파괴검사산업기사
2611,2028,방사선비파괴검사산업기사
2612,2024,초음파비파괴검사산업기사
2612,2025,초음파비파괴검사산업기사
2612,2026,초음파비파괴검사산업기사
2612,2027,초음파비파괴검사산업기사
2612,2028,초음파비파괴검사산업기사
2613,2024,자기비파괴검사산업기사
2613,2025,자기비파괴검사산업기사
2613,2026,자기비파괴검사산업기사
2613,2027,자기비파괴검사산업기사
2613,2028,자기비파괴검사산업기사
2614,2024,침투비파괴검사산업기사
2614,2025,침투비파괴검사산업기사
2614,2026,침투비파괴검사산업기사
2614,2027,침투비파괴검사산업기사
2614,2028,침투비파괴검사산업기사
2625,2024,화훼장식산업기사
2625,2025,화훼장식산업기사
2625,2026,화훼장식산업기사
2625,2027,화훼장식산업기사
2625,2028,화훼장식산업기사
2630,2024,방수산업기사
2630,2025,방수산업기사
2630,2026,방수산업기사
2630,2027,방수산업기사
2630,2028,방수산업기사
2631,2024,어로산업기사
2631,2025,어로산업기사
2631,2026,어로산업기사
2631,2027,어로산업기사
2631,2028,어업산업기사
2751,2024,교통산업기사
2751,2025,교통산업기사
2751,2026,교통산업기사
2751,2027,교통산업기사
2751,2028,교통산업기사
2760,2024,귀금속가공산업기사
2760,2025,귀금속가공산업기사
2760,2026,귀금속가공산업기사
2760,2027,귀금속가공산업기사
2760,2028,귀금속가공산업기사
2835,2024,전자부품장착산업기사
2835,2025,전자부품장착산업기사
2880,2024,보석디자인산업기사
2880,2025,보석디자인산업기사
2880,2026,보석디자인산업기사
2880,2027,보석디자인산업기사
2880,2028,보석디자인산업기사
2900,2024,소방설비산업기사(기계분야)
2900,2025,소방설비산업기사(기계분야)
2900,2026,소방설비산업기사(기계분야)
2900,2027,소방설비산업기사(기계분야)
2900,2028,소방설비산업기사(기계분야)
2910,2024,소방설비산업기사(전기분야)
2910,2025,소방설비산업기사(전기분야)
2910,2026,소방설비산업기사(전기분야)
2910,2027,소방설비산업기사(전기분야)
2910,2028,소방설비산업기사(전기분야)
2938,2024,자연생태복원산업기사
2938,2025,자연생태복원산업기사
2938,2026,자연생태복원산업기사
2938,2027,자연생태복원산업기사
2938,2028,자연생태복원산업기사
2950,2024,폐기물처리산업기사
2950,2025,폐기물처리산업기사
2950,2026,폐기물처리산업기사
2950,2027,폐기물처리산업기사
2950,2028,폐기물처리산업기사
2960,2024,에너지관리산업기사
2960,2025,에너지관리산업기사
2960,2026,에너지관리산업기사
2960,2027,에너지관리산업기사
2960,2028,에너지관리산업기사
2971,2024,한식조리산업기사
2971,2025,한식조리산업기사
2971,2026,한식조리산업기사
2971,2027,한식조리산업기사
2971,2028,한식조리산업기사
2972,2024,양식조리산업기사
2972,2025,양식조리산업기사
2972,2026,양식조리산업기사
2972,2027,양식조리산업기사
2972,2028,양식조리산업기사
2973,2024,일식조리산업기사
2973,2025,일식조리산업기사
2973,2026,일식조리산업기사
2973,2027,일식조리산업기사
2973,2028,일식조리산업기사
2974,2024,중식조리산업기사
2974,2025,중식조리산업기사
2974,2026,중식조리산업기사
2974,2027,중식조리산업기사
2974,2028,중식조리산업기사
2975,2024,복어조리산업기사
2975,2025,복어조리산업기사
2975,2026,복어조리산업기사
2975,2027,복어조리산업기사
2975,2028,복어조리산업기사
2980,2024,보석감정산업기사
2980,2025,보석감정산업기사
2980,2026,보석감정산업기사
2980,2027,보석감정산업기사
2980,2028,보석감정산업기사
2982,2024,컬러리스트산업기사
2982,2025,컬러리스트산업기사
2982,2026,컬러리스트산업기사
2982,2027,컬러리스트산업기사
2982,2028,컬러리스트산업기사
3021,2024,기계가공기능장
3021,2025,기계가공기능장
3021,2026,기계가공기능장
3021,2027,기계가공기능장
3021,2028,기계가공기능장
3061,2024,금형기능장
3061,2025,금형기능장
3061,2026,금형기능장
3061,2027,금형기능장
3061,2028,금형기능장
3081,2024,배관기능장
3081,2025,배관기능장
3081,2026,배관기능장
3081,2027,배관기능장
3081,2028,배관기능장
3095,2024,판금제관기능장
3095,2025,판금제관기능장
3095,2026,판금제관기능장
3095,2027,판금제관기능장
3095,2028,판금제관기능장
3100,2024,용접기능장
3100,2025,용접기능장
3100,2026,용접기능장
3100,2027,용접기능장
3100,2028,용접기능장
3110,2024,자동차정비기능장
3110,2025,자동차정비기능장
3110,2026,자동차정비기능장
3110,2027,자동차정비기능장
3110,2028,자동차정비기능장
3120,2024,건설기계정비기능장
3120,2025,건설기계정비기능장
3120,2026,건설기계정비기능장
3120,2027,건설기계정비기능장
3120,2028,건설기계정비기능장
3150,2024,철도차량정비기능장
3150,2025,철도차량정비기능장
3150,2026,철도차량정비기능장
3150,2027,철도차량정비기능장
3150,2028,철도차량정비기능장
3170,2024,에너지관리기능장
3170,2025,에너지관리기능장
3170,2026,에너지관리기능장
3170,2027,에너지관리기능장
3170,2028,에너지관리기능장
3200,2024,주조기능장
3200,2025,주조기능장
3200,2026,주조기능장
3200,2027,주조기능장
3200,2028,주조기능장
3210,2024,표면처리기능장
3210,2025,표면처리기능장
3210,2026,표면처리기능장
3210,2027,표면처리기능장
3210,2028,표면처리기능장
3221,2024,금속재료기능장
3221,2025,금속재료기능장
3221,2026,금속재료기능장
3221,2027,금속재료기능장
3221,2028,금속재료기능장
3230,2024,제선기능장
3230,2025,제선기능장
3230,2026,제선기능장
3230,2027,제선기능장
3230,2028,제선기능장
3240,2024,제강기능장
3240,2025,제강기능장
3240,2026,제강기능장
3240,2027,제강기능장
3240,2028,제강기능장
3270,2024,압연기능장
3270,2025,압연기능장
3270,2026,압연기능장
3270,2027,압연기능장
3270,2028,압연기능장
3360,2024,위험물기능장
3360,2025,위험물기능장
3360,2026,위험물기능장
3360,2027,위험물기능장
3360,2028,위험물기능장
3375,2024,가스기능장
3375,2025,가스기능장
3375,2026,가스기능장
3375,2027,가스기능장
3375,2028,가스기능장
3380,2024,전기기능장
3380,2025,전기기능장
3380,2026,전기기능장
3380,2027,전기기능장
3380,2028,전기기능장
3410,2024,전자기능장
3410,2025,전자기능장
3410,2026,전자기능장
3410,2027,전자기능장
3410,2028,전자기능장
3611,2024,건축목재시공기능장
3611,2025,건축목재시공기능장
3611,2026,건축목재시공기능장
3611,2027,건축목재시공기능장
3611,2028,건축목재시공기능장
3621,2024,건축일반시공기능장
3621,2025,건축일반시공기능장
3621,2026,건축일반시공기능장
3621,2027,건축일반시공기능장
3621,2028,건축일반시공기능장
3643,2024,한복기능장
3643,2025,한복기능장
3643,2026,한복기능장
3643,2027,한복기능장
3643,2028,한복기능장
3770,2024,귀금속가공기능장
3770,2025,귀금속가공기능장
3770,2026,귀금속가공기능장
3770,2027,귀금속가공기능장
3770,2028,귀금속가공기능장
3911,2024,잠수기능장
3911,2025,잠수기능장
3911,2026,잠수기능장
3911,2027,잠수기능장
3911,2028,잠수기능장
3920,2024,통신설비기능장
3920,2025,통신설비기능장
3920,2026,통신설비기능장
3920,2027,통신설비기능장
3920,2028,통신설비기능장
3922,2024,조리기능장
3922,2025,조리기능장
3922,2026,조리기능장
3922,2027,조리기능장
3922,2028,조리기능장
3923,2024,제과기능장
3923,2025,제과기능장
3923,2026,제과기능장
3923,2027,제과기능장
3923,2028,제과기능장
3924,2024,미용장
3924,2025,미용장
3924,2026,미용장
3924,2027,미용장
3924,2028,미용장
3925,2024,이용장
3925,2025,이용장
3925,2026,이용장
3925,2027,이용장
3925,2028,이용장
4223,2024,제과산업기사
4223,2025,제과산업기사
4223,2026,제과산업기사
4223,2027,제과산업기사
4223,2028,제과산업기사
4224,2024,제빵산업기사
4224,2025,제빵산업기사
4224,2026,제빵산업기사
4224,2027,제빵산업기사
4224,2028,제빵산업기사
5655,2024,경영정보시각화능력
5655,2025,경영정보시각화능력
5655,2026,경영정보시각화능력
5655,2027,경영정보시각화능력
5655,2028,경영정보시각화능력
6012,2024,컴퓨터응용선반기능사
6012,2025,컴퓨터응용선반기능사
6012,2026,컴퓨터응용선반기능사
6012,2027,컴퓨터응용선반기능사
6012,2028,컴퓨터응용선반기능사
6032,2024,컴퓨터응용밀링기능사
6032,2025,컴퓨터응용밀링기능사
6032,2026,컴퓨터응용밀링기능사
6032,2027,컴퓨터응용밀링기능사
6032,2028,컴퓨터응용밀링기능사
6033,2024,반도체설비보전기능사
6033,2025,반도체설비보전기능사
6033,2026,반도체설비보전기능사
6033,2027,반도체설비보전기능사
6033,2028,반도체설비보전기능사
6042,2024,기계가공조립기능사
6042,2025,기계가공조립기능사
6042,2026,기계가공조립기능사
6042,2027,기계가공조립기능사
6042,2028,기계가공조립기능사
6051,2024,궤도장비정비기능사
6051,2025,궤도장비정비기능사
6051,2026,궤도장비정비기능사
6051,2027,궤도장비정비기능사
6051,2028,궤도장비정비기능사
6105,2024,금형기능사
6105,2025,금형기능사
6105,2026,금형기능사
6105,2027,금형기능사
6105,2028,금형기능사
6120,2024,정밀측정기능사
6120,2025,정밀측정기능사
6120,2026,정밀측정기능사
6120,2027,정밀측정기능사
6120,2028,정밀측정기능사
6151,2024,전산응용기계제도기능사
6151,2025,전산응용기계제도기능사
6151,2026,전산응용기계제도기능사
6151,2027,전산응용기계제도기능사
6151,2028,전산응용기계제도기능사
6175,2024,판금제관기능사
6175,2025,판금제관기능사
6175,2026,판금제관기능사
6175,2027,판금제관기능사
6175,2028,판금제관기능사
6176,2024,의료전자기능사
6176,2025,의료전자기능사
6176,2026,의료전자기능사
6176,2027,의료전자기능사
6176,2028,의료전자기능사
6213,2024,배관기능사
6213,2025,배관기능사
6213,2026,배관기능사
6213,2027,배관기능사
6213,2028,배관기능사
6223,2024,피복아크용접기능사
6223,2025,피복아크용접기능사
6223,2026,피복아크용접기능사
6223,2027,피복아크용접기능사
6223,2028,피복아크용접기능사
6224,2024,가스텅스텐아크용접기능사
6224,2025,가스텅스텐아크용접기능사
6224,2026,가스텅스텐아크용접기능사
6224,2027,가스텅스텐아크용접기능사
6224,2028,가스텅스텐아크용접기능사
6225,2024,이산화탄소가스아크용접기능사
6225,2025,이산화탄소가스아크용접기능사
6225,2026,이산화탄소가스아크용접기능사
6225,2027,이산화탄소가스아크용접기능사
6225,2028,이산화탄소가스아크용접기능사
6251,2024,공유압기능사
6281,2024,자동차정비기능사
6281,2025,자동차정비기능사
6281,2026,자동차정비기능사
6281,2027,자동차정비기능사
6281,2028,자동차정비기능사
6285,2024,자동차차체수리기능사
6285,2025,자동차차체수리기능사
6285,2026,자동차차체수리기능사
6285,2027,자동차차체수리기능사
6285,2028,자동차차체수리기능사
6288,2024,항공기정비기능사
6288,2025,항공기정비기능사
6288,2026,항공기정비기능사
6288,2027,항공기정비기능사
6288,2028,항공기정비기능사
6289,2024,항공전기·전자정비기능사
6289,2025,항공전기·전자정비기능사
6289,2026,항공전기·전자정비기능사
6289,2027,항공전기·전자정비기능사
6289,2028,항공전기·전자정비기능사
6298,2024,건설기계정비기능사
6298,2025,건설기계정비기능사
6298,2026,건설기계정비기능사
6298,2027,건설기계정비기능사
6298,2028,건설기계정비기능사
6300,2024,농기계정비기능사
6300,2025,농기계정비기능사
6300,2026,농업기계정비기능사
6300,2027,농업기계정비기능사
6300,2028,농업기계정비기능사
6301,2024,농기계운전기능사
6301,2025,농기계운전기능사
6301,2026,농기계운전기능사
6301,2027,농기계운전기능사
6301,2028,농기계운전기능사
6320,2024,공조냉동기계기능사
6320,2025,공조냉동기계기능사
6320,2026,공조냉동기계기능사
6320,2027,공조냉동기계기능사
6320,2028,공조냉동기계기능사
6335,2024,가스기능사
6335,2025,가스기능사
6335,2026,가스기능사
6335,2027,가스기능사
6335,2028,가스기능사
6351,2024,항로표지기능사
6351,2025,항로표지기능사
6351,2026,항로표지기능사
6351,2027,항로표지기능사
6351,2028,항로표지기능사
6352,2024,철도차량정비기능사
6352,2025,철도차량정비기능사
6352,2026,철도차량정비기능사
6352,2027,철도차량정비기능사
6352,2028,철도차량정비기능사
6381,2024,축로기능사
6381,2025,축로기능사
6381,2026,축로기능사
6381,2027,축로기능사
6381,2028,축로기능사
6415,2024,자동화설비기능사
6415,2025,자동화설비기능사
6415,2026,자동화설비기능사
6415,2027,자동화설비기능사
6415,2028,자동화설비기능사
6420,2024,열처리기능사
6420,2025,열처리기능사
6420,2026,열처리기능사
6420,2027,열처리기능사
6420,2028,열처리기능사
6461,2024,주조기능사
6461,2025,주조기능사
6461,2026,주조기능사
6461,2027,주조기능사
6461,2028,주조기능사
6480,2024,표면처리기능사
6480,2025,표면처리기능사
6480,2026,표면처리기능사
6480,2027,표면처리기능사
6480,2028,표면처리기능사
6490,2024,금속재료시험기능사
6490,2025,금속재료시험기능사
6490,2026,금속재료시험기능사
6490,2027,금속재료시험기능사
6490,2028,금속재료시험기능사
6500,2024,제선기능사
6500,2025,제선기능사
6500,2026,제선기능사
6500,2027,제선기능사
6500,2028,제선기능사
6515,2024,제강기능사
6515,2025,제강기능사
6515,2026,제강기능사
6515,2027,제강기능사
6515,2028,제강기능사
6530,2024,원형기능사
6543,2024,압연기능사
6543,2025,압연기능사
6543,2026,압연기능사
6543,2027,압연기능사
6543,2028,압연기능사
6560,2024,화학분석기능사
6560,2025,화학분석기능사
6560,2026,화학분석기능사
6560,2027,화학분석기능사
6560,2028,화학분석기능사
6592,2024,유기농업기능사
6592,2025,유기농업기능사
6592,2026,유기농업기능사
6592,2027,유기농업기능사
6592,2028,유기농업기능사
6697,2024,위험물기능사
6697,2025,위험물기능사
6697,2026,위험물기능사
6697,2027,위험물기능사
6697,2028,위험물기능사
6772,2024,철도전기신호기능사
6772,2025,철도전기신호기능사
6772,2026,철도전기신호기능사
6772,2027,철도전기신호기능사
6772,2028,철도전기신호기능사
6785,2024,전자캐드기능사
6785,2025,전자캐드기능사
6785,2026,전자캐드기능사
6785,2027,전자캐드기능사
6785,2028,전자캐드기능사
6790,2024,전자기능사
6790,2025,전자기능사
6790,2026,전자기능사
6790,2027,전자기능사
6790,2028,전자기능사
6791,2024,전자출판기능사
6791,2025,전자출판기능사
6791,2026,전자출판기능사
6791,2027,전자출판기능사
6791,2028,전자출판기능사
6792,2024,석공예기능사
6792,2025,석공예기능사
6792,2026,석공예기능사
6793,2024,제품응용모델링기능사
6793,2025,제품응용모델링기능사
6793,2026,제품응용모델링기능사
6793,2027,제품응용모델링기능사
6793,2028,제품응용모델링기능사
6801,2024,전자계산기기능사
6801,2025,전자계산기기능사
6801,2026,임베디드기능사
6801,2027,임베디드기능사
6801,2028,임베디드기능사
6835,2024,전자부품장착기능사
6835,2025,전자부품장착기능사
6835,2026,표면실장장비기능사
6835,2027,표면실장장비기능사
6835,2028,표면실장장비기능사
6836,2024,자동차보수도장기능사
6836,2025,자동차보수도장기능사
6836,2026,자동차보수도장기능사
6836,2027,자동차보수도장기능사
6836,2028,자동차보수도장기능사
6837,2024,설비보전기능사
6837,2025,설비보전기능사
6837,2026,설비보전기능사
6837,2027,설비보전기능사
6837,2028,설비보전기능사
6880,2024,무선설비기능사
6880,2025,무선설비기능사
6880,2026,무선설비기능사
6880,2027,무선설비기능사
6880,2028,무선설비기능사
6892,2024,정보기기운용기능사
6892,2025,정보기기운용기능사
6892,2026,정보기기운용기능사
6892,2027,정보기기운용기능사
6892,2028,정보기기운용기능사
6893,2024,전파전자통신기능사
6893,2025,전파전자통신기능사
6893,2026,전파전자통신기능사
6893,2027,전파전자통신기능사
6893,2028,전파전자통신기능사
6910,2024,전산응용조선제도기능사
6910,2025,선체설계기능사
6910,2026,선체설계기능사
6910,2027,선체설계기능사
6910,2028,선체설계기능사
6920,2024,선체건조기능사
6920,2025,선체건조기능사
6920,2026,선체건조기능사
6920,2027,선체건조기능사
6920,2028,선체건조기능사
6921,2024,정보처리기능사
6921,2025,정보처리기능사
6921,2026,프로그래밍기능사
6921,2027,프로그래밍기능사
6921,2028,프로그래밍기능사
6960,2024,동력기계정비기능사
6960,2025,선박기관정비기능사
6960,2026,선박기관정비기능사
6960,2027,선박기관정비기능사
6960,2028,선박기관정비기능사
6980,2024,측량기능사
6980,2025,측량기능사
6980,2026,측량기능사
6980,2027,측량기능사
6980,2028,측량기능사
6981,2024,공간정보융합기능사
6981,2025,공간정보융합기능사
6981,2026,공간정보융합기능사
6981,2027,공간정보융합기능사
6981,2028,공간정보융합기능사
6990,2024,석공기능사
6990,2025,석공기능사
6990,2026,석공기능사
6990,2027,석공기능사
6990,2028,석공기능사
7010,2024,철도토목기능사
7010,2025,철도토목기능사
7010,2026,철도토목기능사
7010,2027,철도토목기능사
7010,2028,철도토목기능사
7020,2024,콘크리트기능사
7020,2025,콘크리트기능사
7020,2026,콘크리트기능사
7020,2027,콘크리트기능사
7020,2028,콘크리트기능사
7030,2024,방수기능사
7030,2025,방수기능사
7030,2026,방수기능사
7030,2027,방수기능사
7030,2028,방수기능사
7061,2024,전산응용건축제도기능사
7061,2025,전산응용건축제도기능사
7061,2026,전산응용건축제도기능사
7061,2027,전산응용건축제도기능사
7061,2028,전산응용건축제도기능사
7070,2024,조적기능사
7070,2025,조적기능사
7070,2026,조적기능사
7070,2027,조적기능사
7070,2028,조적기능사
7072,2024,전산응용토목제도기능사
7072,2025,전산응용토목제도기능사
7072,2026,전산응용토목제도기능사
7072,2027,전산응용토목제도기능사
7072,2028,전산응용토목제도기능사
7080,2024,철근기능사
7080,2025,철근기능사
7080,2026,철근기능사
7080,2027,철근기능사
7080,2028,철근기능사
7102,2024,금속재창호기능사
7102,2025,금속재창호기능사
7102,2026,금속재창호기능사
7102,2027,금속재창호기능사
7102,2028,금속재창호기능사
7103,2024,플라스틱창호기능사
7103,2025,플라스틱창호기능사
7103,2026,플라스틱창호기능사
7103,2027,플라스틱창호기능사
7103,2028,플라스틱창호기능사
7110,2024,미장기능사
7110,2025,미장기능사
7110,2026,미장기능사
7110,2027,미장기능사
7110,2028,미장기능사
7114,2024,신재생에너지발전설비기능사(태양광)
7114,2025,신재생에너지발전설비기능사(태양광)
7114,2026,신재생에너지발전설비기능사(태양광)
7114,2027,신재생에너지발전설비기능사(태양광)
7114,2028,신재생에너지발전설비기능사(태양광)
7120,2024,비계기능사
7120,2025,비계기능사
7120,2026,비계기능사
7120,2027,비계기능사
7120,2028,비계기능사
7121,2024,기계정비기능사
7121,2025,설비보전기능사
7121,2026,설비보전기능사
7121,2027,설비보전기능사
7121,2028,설비보전기능사
7130,2024,건축목공기능사
7130,2025,건축목공기능사
7130,2026,건축목공기능사
7130,2027,건축목공기능사
7130,2028,건축목공기능사
7132,2024,건설재료시험기능사
7132,2025,건설재료시험기능사
7132,2026,건설재료시험기능사
7132,2027,건설재료시험기능사
7132,2028,건설재료시험기능사
7140,2024,가구제작기능사
7140,2025,가구제작기능사
7140,2026,가구제작기능사
7140,2027,가구제작기능사
7140,2028,가구제작기능사
7150,2024,건축도장기능사
7150,2025,건축도장기능사
7150,2026,건축도장기능사
7150,2027,건축도장기능사
7150,2028,건축도장기능사
7151,2024,유리시공기능사
7151,2025,유리시공기능사
7151,2026,유리시공기능사
7151,2027,유리시공기능사
7151,2028,유리시공기능사
7152,2024,실내건축기능사
7152,2025,실내건축기능사
7152,2026,실내건축기능사
7152,2027,실내건축기능사
7152,2028,실내건축기능사
7161,2024,온수온돌기능사
7161,2025,온수온돌기능사
7161,2026,온수온돌기능사
7161,2027,온수온돌기능사
7161,2028,온수온돌기능사
7170,2024,거푸집기능사
7170,2025,거푸집기능사
7170,2026,거푸집기능사
7170,2027,거푸집기능사
7170,2028,거푸집기능사
7180,2024,도배기능사
7180,2025,도배기능사
7180,2026,도배기능사
7180,2027,도배기능사
7180,2028,도배기능사
7210,2024,타일기능사
7210,2025,타일기능사
7210,2026,타일기능사
7210,2027,타일기능사
7210,2028,타일기능사
7301,2024,염색기능사(침염)
7301,2025,염색기능사(침염)
7301,2026,염색기능사(침염)
7301,2027,염색기능사(침염)
7301,2028,염색기능사(침염)
7302,2024,염색기능사(날염)
7302,2025,염색기능사(날염)
7302,2026,염색기능사(날염)
7302,2027,염색기능사(날염)
7302,2028,염색기능사(날염)
7330,2024,시추기능사
7330,2025,시추기능사
7330,2026,시추기능사
7330,2027,시추기능사
7330,2028,시추기능사
7380,2024,광산보안기능사
7380,2025,광산보안기능사
7380,2026,광산보안기능사
7380,2027,광산보안기능사
7380,2028,광산보안기능사
7450,2024,금속도장기능사
7450,2025,금속도장기능사
7450,2026,금속도장기능사
7450,2027,금속도장기능사
7450,2028,금속도장기능사
7460,2024,귀금속가공기능사
7460,2025,귀금속가공기능사
7460,2026,귀금속가공기능사
7460,2027,귀금속가공기능사
7460,2028,귀금속가공기능사
7471,2024,방사선비파괴검사기능사
7471,2025,방사선비파괴검사기능사
7471,2026,방사선비파괴검사기능사
7471,2027,방사선비파괴검사기능사
7471,2028,방사선비파괴검사기능사
7472,2024,초음파비파괴검사기능사
7472,2025,초음파비파괴검사기능사
7472,2026,초음파비파괴검사기능사
7472,2027,초음파비파괴검사기능사
7472,2028,초음파비파괴검사기능사
7473,2024,자기비파괴검사기능사
7473,2025,자기비파괴검사기능사
7473,2026,자기비파괴검사기능사
7473,2027,자기비파괴검사기능사
7473,2028,자기비파괴검사기능사
7474,2024,침투비파괴검사기능사
7474,2025,침투비파괴검사기능사
7474,2026,침투비파괴검사기능사
7474,2027,침투비파괴검사기능사
7474,2028,침투비파괴검사기능사
7480,2024,목공예기능사
7480,2025,목공예기능사
7480,2026,목공예기능사
7480,2027,목공예기능사
7480,2028,목공예기능사
7481,2024,축산기능사
7481,2025,축산기능사
7481,2026,축산기능사
7481,2027,축산기능사
7481,2028,축산기능사
7482,2024,식육처리기능사
7482,2025,식육처리기능사
7482,2026,식육처리기능사
7482,2027,식육처리기능사
7482,2028,식육처리기능사
7483,2024,천공기운전기능사
7483,2025,천공기운전기능사
7483,2026,천공기운전기능사
7483,2027,천공기운전기능사
7483,2028,천공기운전기능사
7524,2024,인쇄기능사
7524,2025,인쇄기능사
7524,2026,인쇄기능사
7524,2027,인쇄기능사
7524,2028,인쇄기능사
7591,2024,식품가공기능사
7591,2025,식품가공기능사
7591,2026,식품가공기능사
7591,2027,식품가공기능사
7591,2028,식품가공기능사
7612,2024,잠수기능사
7612,2025,잠수기능사
7612,2026,잠수기능사
7612,2027,잠수기능사
7612,2028,잠수기능사
7620,2024,종자기능사
7620,2025,종자기능사
7620,2026,종자기능사
7620,2027,종자기능사
7620,2028,종자기능사
7625,2024,화훼장식기능사
7625,2025,화훼장식기능사
7625,2026,화훼장식기능사
7625,2027,화훼장식기능사
7625,2028,화훼장식기능사
7630,2024,임업종묘기능사
7630,2025,임업종묘기능사
7630,2026,임업종묘기능사
7630,2027,임업종묘기능사
7630,2028,임업종묘기능사
7631,2024,버섯종균기능사
7631,2025,버섯종균기능사
7631,2026,버섯종균기능사
7631,2027,버섯종균기능사
7631,2028,버섯종균기능사
7632,2024,산림기능사
7632,2025,산림기능사
7632,2026,산림기능사
7632,2027,산림기능사
7632,2028,산림기능사
7645,2024,목재가공기능사
7645,2025,목재가공기능사
7645,2026,목재가공기능사
7645,2027,목재가공기능사
7645,2028,목재가공기능사
7646,2024,펄프종이제조기능사
7646,2025,펄프종이제조기능사
7646,2026,펄프종이제조기능사
7646,2027,펄프종이제조기능사
7646,2028,펄프종이제조기능사
7650,2024,지적기능사
7650,2025,지적기능사
7650,2026,지적기능사
7650,2027,지적기능사
7650,2028,지적기능사
7660,2024,도화기능사
7660,2025,도화기능사
7660,2026,도화기능사
7660,2027,도화기능사
7660,2028,도화기능사
7670,2024,항공사진기능사
7670,2025,항공사진기능사
7670,2026,항공사진기능사
7670,2027,항공사진기능사
7670,2028,항공사진기능사
7671,2024,광학기능사
7680,2024,지도제작기능사
7680,2025,지도제작기능사
7680,2026,지도제작기능사
7680,2027,지도제작기능사
7680,2028,지도제작기능사
7700,2024,수산양식기능사
7700,2025,수산양식기능사
7700,2026,수산양식기능사
7700,2027,수산양식기능사
7700,2028,수산양식기능사
7720,2024,통신선로기능사
7720,2025,통신선로기능사
7720,2026,정보통신기능사
7720,2027,정보통신기능사
7720,2028,정보통신기능사
7723,2024,한복기능사
7723,2025,한복기능사
7723,2026,한복기능사
7723,2027,한복기능사
7723,2028,한복기능사
7730,2024,방송통신기능사
7730,2025,방송통신기능사
7730,2026,방송통신기능사
7730,2027,방송통신기능사
7730,2028,방송통신기능사
7745,2024,통신기기기능사
7745,2025,통신기기기능사
7745,2026,정보통신기능사
7745,2027,정보통신기능사
7745,2028,정보통신기능사
7761,2024,에너지관리기능사
7761,2025,에너지관리기능사
7761,2026,에너지관리기능사
7761,2027,에너지관리기능사
7761,2028,에너지관리기능사
7780,2024,전기기능사
7780,2025,전기기능사
7780,2026,전기기능사
7780,2027,전기기능사
7780,2028,전기기능사
7785,2024,3D프린터운용기능사
7785,2025,3D프린터운용기능사
7785,2026,3D프린터운용기능사
7785,2027,3D프린터운용기능사
7785,2028,3D프린터운용기능사
7786,2026,정보통신기능사
7795,2024,사진기능사
7795,2025,사진기능사
7795,2026,사진기능사
7795,2027,사진기능사
7795,2028,사진기능사
7796,2024,컴퓨터그래픽스운용기능사
7796,2025,컴퓨터그래픽기능사
7796,2026,컴퓨터그래픽기능사
7796,2027,컴퓨터그래픽기능사
7796,2028,컴퓨터그래픽기능사
7798,2024,웹디자인기능사
7798,2025,웹디자인개발기능사
7798,2026,웹디자인개발기능사
7798,2027,웹디자인개발기능사
7798,2028,웹디자인개발기능사
7834,2024,타워크레인운전기능사
7834,2025,타워크레인운전기능사
7834,2026,타워크레인운전기능사
7834,2027,타워크레인운전기능사
7834,2028,타워크레인운전기능사
7835,2024,컨테이너크레인운전기능사
7835,2025,컨테이너크레인운전기능사
7835,2026,컨테이너크레인운전기능사
7835,2027,컨테이너크레인운전기능사
7835,2028,컨테이너크레인운전기능사
7861,2024,기중기운전기능사
7861,2025,기중기운전기능사
7861,2026,기중기운전기능사
7861,2027,기중기운전기능사
7861,2028,기중기운전기능사
7862,2024,굴착기운전기능사
7862,2025,굴착기운전기능사
7862,2026,굴착기운전기능사
7862,2027,굴착기운전기능사
7862,2028,굴착기운전기능사
7863,2024,불도저운전기능사
7863,2025,불도저운전기능사
7863,2026,불도저운전기능사
7863,2027,불도저운전기능사
7863,2028,불도저운전기능사
7864,2024,천장크레인운전기능사
7864,2025,천장크레인운전기능사
7864,2026,천장크레인운전기능사
7864,2027,천장크레인운전기능사
7864,2028,천장크레인운전기능사
7866,2024,로더운전기능사
7866,2025,로더운전기능사
7866,2026,로더운전기능사
7866,2027,로더운전기능사
7866,2028,로더운전기능사
7871,2024,롤러운전기능사
7871,2025,롤러운전기능사
7871,2026,롤러운전기능사
7871,2027,롤러운전기능사
7871,2028,롤러운전기능사
7875,2024,지게차운전기능사
7875,2025,지게차운전기능사
7875,2026,지게차운전기능사
7875,2027,지게차운전기능사
7875,2028,지게차운전기능사
7888,2024,광고도장기능사
7889,2024,보석가공기능사
7889,2025,보석가공기능사
7889,2026,보석가공기능사
7889,2027,보석가공기능사
7889,2028,보석가공기능사
7890,2024,도자공예기능사
7890,2025,도자공예기능사
7890,2026,도자공예기능사
7890,2027,도자공예기능사
7890,2028,도자공예기능사
7892,2024,제과기능사
7892,2025,제과기능사
7892,2026,제과기능사
7892,2027,제과기능사
7892,2028,제과기능사
7893,2024,제빵기능사
7893,2025,제빵기능사
7893,2026,제빵기능사
7893,2027,제빵기능사
7893,2028,제빵기능사
7900,2024,조경기능사
7900,2025,조경기능사
7900,2026,조경기능사
7900,2027,조경기능사
7900,2028,조경기능사
7901,2024,원예기능사
7901,2025,원예기능사
7901,2026,원예기능사
7901,2027,원예기능사
7901,2028,원예기능사
7904,2024,신발제조기능사
7904,2025,신발제조기능사
7904,2026,신발제조기능사
7904,2027,신발제조기능사
7904,2028,신발제조기능사
7908,2024,이용사
7908,2025,이용사
7908,2026,이용사
7908,2027,이용사
7908,2028,이용사
7910,2024,한식조리기능사
7910,2025,한식조리기능사
7910,2026,한식조리기능사
7910,2027,한식조리기능사
7910,2028,한식조리기능사
7911,2024,양식조리기능사
7911,2025,양식조리기능사
7911,2026,양식조리기능사
7911,2027,양식조리기능사
7911,2028,양식조리기능사
7912,2024,일식조리기능사
7912,2025,일식조리기능사
7912,2026,일식조리기능사
7912,2027,일식조리기능사
7912,2028,일식조리기능사
7913,2024,중식조리기능사
7913,2025,중식조리기능사
7913,2026,중식조리기능사
7913,2027,중식조리기능사
7913,2028,중식조리기능사
7914,2024,복어조리기능사
7914,2025,복어조리기능사
7914,2026,복어조리기능사
7914,2027,복어조리기능사
7914,2028,복어조리기능사
7916,2024,조주기능사
7916,2025,조주기능사
7916,2026,조주기능사
7916,2027,조주기능사
7916,2028,조주기능사
7917,2024,피아노조율기능사
7917,2025,피아노조율기능사
7917,2026,피아노조율기능사
7917,2027,피아노조율기능사
7917,2028,피아노조율기능사
7918,2024,환경기능사
7918,2025,환경기능사
7918,2026,환경기능사
7918,2027,환경기능사
7918,2028,환경기능사
7920,2024,영사기능사
7920,2025,영사기능사
7920,2026,영사기능사
7920,2027,영사기능사
7920,2028,영사기능사
7930,2024,양화장치운전기능사
7930,2025,양화장치운전기능사
7930,2026,양화장치운전기능사
7930,2027,양화장치운전기능사
7930,2028,양화장치운전기능사
7931,2024,양복기능사
7931,2025,남성복기능사
7931,2026,남성복기능사
7931,2027,남성복기능사
7931,2028,남성복기능사
7932,2024,양장기능사
7932,2025,여성복기능사
7932,2026,여성복기능사
7932,2027,여성복기능사
7932,2028,여성복기능사
7937,2024,미용사(일반)
7937,2025,미용사(일반)
7937,2026,미용사(일반)
7937,2027,미용사(일반)
7937,2028,미용사(일반)
7940,2024,승강기기능사
7940,2025,승강기기능사
7940,2026,승강기기능사
7940,2027,승강기기능사
7940,2028,승강기기능사
7947,2024,미용사(피부)
7947,2025,미용사(피부)
7947,2026,미용사(피부)
7947,2027,미용사(피부)
7947,2028,미용사(피부)
7957,2024,미용사(네일)
7957,2025,미용사(네일)
7957,2026,미용사(네일)
7957,2027,미용사(네일)
7957,2028,미용사(네일)
7960,2024,세탁기능사
7960,2025,세탁기능사
7960,2026,세탁기능사
7960,2027,세탁기능사
7960,2028,세탁기능사
7967,2024,미용사(메이크업)
7967,2025,미용사(메이크업)
7967,2026,미용사(메이크업)
7967,2027,미용사(메이크업)
7967,2028,미용사(메이크업)
7970,2024,화약취급기능사
7970,2025,화약취급기능사
7970,2026,화약취급기능사
7970,2027,화약취급기능사
7970,2028,화약취급기능사
7980,2024,보석감정사
7980,2025,보석감정사
7980,2026,보석감정사
7980,2027,보석감정사
7980,2028,보석감정사
7992,2024,떡제조기능사
7992,2025,떡제조기능사
7992,2026,떡제조기능사
7992,2027,떡제조기능사
7992,2028,떡제조기능사
9105,2024,국제의료관광코디네이터
9105,2025,국제의료관광코디네이터
9105,2026,국제의료관광코디네이터
9105,2027,국제의료관광코디네이터
9105,2028,국제의료관광코디네이터
9510,2024,직업상담사1급
9510,2025,직업상담사1급
9510,2026,직업상담사1급
9510,2027,직업상담사1급
9510,2028,직업상담사1급
9511,2024,직업상담사2급
9511,2025,직업상담사2급
9511,2026,직업상담사2급
9511,2027,직업상담사2급
9511,2028,직업상담사2급
9520,2024,사회조사분석사1급
9520,2025,사회조사분석사1급
9520,2026,사회조사분석사1급
9520,2027,사회조사분석사1급
9520,2028,사회조사분석사1급
9521,2024,사회조사분석사2급
9521,2025,사회조사분석사2급
9521,2026,사회조사분석사2급
9521,2027,사회조사분석사2급
9521,2028,사회조사분석사2급
9530,2024,전자상거래관리사1급
9530,2025,전자상거래관리사1급
9530,2026,전자상거래관리사1급
9530,2027,전자상거래관리사1급
9530,2028,전자상거래관리사1급
9531,2024,전자상거래관리사2급
9531,2025,전자상거래관리사2급
9531,2026,전자상거래관리사2급
9531,2027,전자상거래관리사2급
9531,2028,전자상거래관리사2급
9535,2024,컨벤션기획사1급
9535,2025,컨벤션기획사1급
9535,2026,컨벤션기획사1급
9535,2027,컨벤션기획사1급
9535,2028,컨벤션기획사1급
9536,2024,컨벤션기획사2급
9536,2025,컨벤션기획사2급
9536,2026,컨벤션기획사2급
9536,2027,컨벤션기획사2급
9536,2028,컨벤션기획사2급
9537,2024,소비자전문상담사1급
9537,2025,소비자전문상담사1급
9537,2026,소비자전문상담사1급
9537,2027,소비자전문상담사1급
9537,2028,소비자전문가1급
9538,2024,소비자전문상담사2급
9538,2025,소비자전문상담사2급
9538,2026,소비자전문상담사2급
9538,2027,소비자전문상담사2급
9538,2028,소비자전문가2급
9539,2024,임상심리사1급
9539,2025,임상심리사1급
9539,2026,임상심리사1급
9539,2027,임상심리사1급
9539,2028,임상심리사1급
9540,2024,임상심리사2급
9540,2025,임상심리사2급
9540,2026,임상심리사2급
9540,2027,임상심리사2급
9540,2028,임상심리사2급
9541,2024,텔레마케팅관리사
9541,2025,텔레마케팅관리사
9541,2026,텔레마케팅관리사
9541,2027,텔레마케팅관리사
9541,2028,텔레마케팅관리사
9542,2024,게임프로그래밍전문가
9542,2025,게임프로그래밍전문가
9542,2026,게임프로그래밍전문가
9542,2027,게임프로그래밍전문가
9542,2028,게임프로그래밍전문가
9543,2024,게임그래픽전문가
9543,2025,게임그래픽전문가
9543,2026,게임그래픽전문가
9543,2027,게임그래픽전문가
9543,2028,게임그래픽전문가
9544,2024,게임기획전문가
9544,2025,게임기획전문가
9544,2026,게임기획전문가
9544,2027,게임기획전문가
9544,2028,게임기획전문가
9545,2024,멀티미디어콘텐츠제작전문가
9545,2025,멀티미디어콘텐츠제작전문가
9545,2026,멀티미디어콘텐츠제작전문가
9545,2027,멀티미디어콘텐츠제작전문가
9545,2028,멀티미디어콘텐츠제작전문가
9546,2024,스포츠경영관리사
9546,2025,스포츠경영관리사
9546,2026,스포츠경영관리사
9546,2027,스포츠경영관리사
9546,2028,스포츠경영관리사
9547,2024,이러닝운영관리사
9547,2025,이러닝운영관리사
9547,2026,이러닝운영관리사
9547,2027,이러닝운영관리사
9547,2028,이러닝운영관리사
9611,2024,컴퓨터활용능력1급
9611,2025,컴퓨터활용능력1급
9611,2026,컴퓨터활용능력1급
9611,2027,컴퓨터활용능력1급
9611,2028,컴퓨터활용능력1급
9612,2024,컴퓨터활용능력2급
9612,2025,컴퓨터활용능력2급
9612,2026,컴퓨터활용능력2급
9612,2027,컴퓨터활용능력2급
9612,2028,컴퓨터활용능력2급
9621,2024,전산회계운용사1급
9621,2025,전산회계운용사1급
9621,2026,전산회계운용사1급
9621,2027,전산회계운용사1급
9621,2028,전산회계운용사1급
9622,2024,전산회계운용사2급
9622,2025,전산회계운용사2급
9622,2026,전산회계운용사2급
9622,2027,전산회계운용사2급
9622,2028,전산회계운용사2급
9623,2024,전산회계운용사3급
9623,2025,전산회계운용사3급
9623,2026,전산회계운용사3급
9623,2027,전산회계운용사3급
9623,2028,전산회계운용사3급
9771,2026,스마트공장기능사
9772,2026,스마트공장산업기사
9773,2026,산림기능장
9774,2026,이륜자동차정비기능사
9775,2026,바이오공정기능사
9776,2026,봉제기능사
9777,2026,공공조달관리사
9937,2024,비서1급
9937,2025,비서1급
9937,2026,비서1급
9937,2027,비서1급
9937,2028,비서1급
9938,2024,비서2급
9938,2025,비서2급
9938,2026,비서2급
9938,2027,비서2급
9938,2028,비서2급
9939,2024,비서3급
9939,2025,비서3급
9939,2026,비서3급
9939,2027,비서3급
9939,2028,비서3급
9940,2024,전자상거래운용사
9940,2025,전자상거래운용사
9940,2026,전자상거래운용사
9940,2027,전자상거래운용사
9940,2028,전자상거래운용사
9961,2024,워드프로세서
9961,2025,워드프로세서
9961,2026,워드프로세서
9961,2027,워드프로세서
9961,2028,워드프로세서
9971,2024,한글속기1급
9971,2025,한글속기1급
9971,2026,한글속기1급
9971,2027,한글속기1급
9971,2028,한글속기1급
9972,2024,한글속기2급
9972,2025,한글속기2급
9972,2026,한글속기2급
9972,2027,한글속기2급
9972,2028,한글속기2급
9973,2024,한글속기3급
9973,2025,한글속기3급
9973,2026,한글속기3급
9973,2027,한글속기3급
9973,2028,한글속기3급
B021,2024,일반기계기사
B021,2025,일반기계기사
B021,2026,일반기계기사
B021,2027,일반기계기사
B021,2028,일반기계기사
B022,2024,용접기사
B022,2025,용접기사
B022,2026,용접기사
B022,2027,용접기사
B022,2028,용접기사
B070,2024,자동차정비기사
B070,2025,자동차정비기사
B070,2026,자동차정비기사
B070,2027,자동차정비기사
B070,2028,자동차정비기사
B080,2024,기계설계기사
B104,2024,금속재료기사
B104,2025,금속재료기사
B104,2026,금속재료기사
B104,2027,금속재료기사
B104,2028,금속재료기사
B282,2024,실내건축기사
B282,2025,실내건축기사
B282,2026,실내건축기사
B282,2027,실내건축기사
B282,2028,실내건축기사
B370,2024,조경기사
B370,2025,조경기사
B370,2026,조경기사
B370,2027,조경기사
B370,2028,조경기사
B431,2024,산업안전기사
B431,2025,산업안전기사
B431,2026,산업안전기사
B431,2027,산업안전기사
B431,2028,산업안전기사
B440,2024,건설안전기사
B440,2025,건설안전기사
B440,2026,건설안전기사
B440,2027,건설안전기사
B440,2028,건설안전기사
B837,2024,설비보전기사
B837,2025,설비보전기사
B837,2026,설비보전기사
B837,2027,설비보전기사
B837,2028,설비보전기사
C025,2024,컴퓨터응용가공산업기사
C025,2025,컴퓨터응용가공산업기사
C025,2026,컴퓨터응용가공산업기사
C025,2027,컴퓨터응용가공산업기사
C025,2028,컴퓨터응용가공산업기사
C026,2024,용접산업기사
C026,2025,용접산업기사
C026,2026,용접산업기사
C026,2027,용접산업기사
C026,2028,용접산업기사
C027,2024,농업기계산업기사
C027,2025,농업기계산업기사
C027,2026,농업기계산업기사
C027,2027,농업기계산업기사
C027,2028,농업기계산업기사
C028,2024,사출금형산업기사
C028,2025,사출금형산업기사
C028,2026,사출금형산업기사
C028,2027,사출금형산업기사
C028,2028,사출금형산업기사
C031,2024,기계설계산업기사
C031,2025,기계설계산업기사
C031,2026,기계설계산업기사
C031,2027,기계설계산업기사
C031,2028,기계설계산업기사
C034,2024,자동화설비산업기사
C034,2025,자동화설비산업기사
C034,2026,자동화설비산업기사
C034,2027,자동화설비산업기사
C034,2028,자동화설비산업기사
C035,2024,기계정비산업기사
C035,2025,설비보전산업기사
C035,2026,설비보전산업기사
C035,2027,설비보전산업기사
C035,2028,설비보전산업기사
C070,2024,자동차정비산업기사
C070,2025,자동차정비산업기사
C070,2026,자동차정비산업기사
C070,2027,자동차정비산업기사
C070,2028,자동차정비산업기사
C101,2024,금속재료산업기사
C101,2025,금속재료산업기사
C101,2026,금속재료산업기사
C101,2027,금속재료산업기사
C101,2028,금속재료산업기사
C106,2024,표면처리산업기사
C106,2025,표면처리산업기사
C106,2026,표면처리산업기사
C106,2027,표면처리산업기사
C106,2028,표면처리산업기사
C107,2024,재료조직평가산업기사
C107,2025,재료조직평가산업기사
C121,2024,위험물산업기사
C121,2025,위험물산업기사
C121,2026,위험물산업기사
C121,2027,위험물산업기사
C121,2028,위험물산업기사
C142,2024,가구제작산업기사
C142,2025,가구제작산업기사
C142,2026,가구제작산업기사
C142,2027,가구제작산업기사
C142,2028,가구제작산업기사
C170,2024,전자산업기사
C170,2025,전자산업기사
C170,2026,전자산업기사
C170,2027,전자산업기사
C170,2028,전자산업기사
C176,2024,의공산업기사
C176,2025,의공산업기사
C176,2026,의공산업기사
C176,2027,의공산업기사
C176,2028,의공산업기사
C193,2024,사무자동화산업기사
C193,2025,사무자동화산업기사
C193,2026,사무자동화산업기사
C193,2027,사무자동화산업기사
C193,2028,사무자동화산업기사
C230,2024,항공산업기사
C230,2025,항공산업기사
C230,2026,항공산업기사
C230,2027,항공산업기사
C230,2028,항공산업기사
C253,2024,건축목공산업기사
C253,2025,건축목공산업기사
C253,2026,건축목공산업기사
C253,2027,건축목공산업기사
C253,2028,건축목공산업기사
C282,2024,실내건축산업기사
C282,2025,실내건축산업기사
C282,2026,실내건축산업기사
C282,2027,실내건축산업기사
C282,2028,실내건축산업기사
C290,2024,정보처리산업기사
C290,2025,정보처리산업기사
C290,2026,정보처리산업기사
C290,2027,정보처리산업기사
C290,2028,정보처리산업기사
C301,2024,패션디자인산업기사
C301,2025,패션디자인산업기사
C301,2026,패션디자인산업기사
C301,2027,패션디자인산업기사
C301,2028,패션디자인산업기사
C320,2024,조경산업기사
C320,2025,조경산업기사
C320,2026,조경산업기사
C320,2027,조경산업기사
C320,2028,조경산업기사
C325,2024,정보보안산업기사
C325,2025,정보보안산업기사
C325,2026,정보보안산업기사
C325,2027,정보보안산업기사
C325,2028,정보보안산업기사
C330,2024,측량및지형공간정보산업기사
C330,2025,측량및지형공간정보산업기사
C330,2026,측량및지형공간정보산업기사
C330,2027,측량및지형공간정보산업기사
C330,2028,측량및지형공간정보산업기사
C340,2024,지적산업기사
C340,2025,지적산업기사
C340,2026,지적산업기사
C340,2027,지적산업기사
C340,2028,지적산업기사
C381,2024,산업안전산업기사
C381,2025,산업안전산업기사
C381,2026,산업안전산업기사
C381,2027,산업안전산업기사
C381,2028,산업안전산업기사
C395,2024,승강기산업기사
C395,2025,승강기산업기사
C395,2026,승강기산업기사
C395,2027,승강기산업기사
C395,2028,승강기산업기사
C432,2024,제품디자인산업기사
C432,2025,제품디자인산업기사
C432,2026,제품디자인산업기사
C432,2027,제품디자인산업기사
C432,2028,제품디자인산업기사
C434,2024,시각디자인산업기사
C434,2025,시각디자인산업기사
C434,2026,시각디자인산업기사
C434,2027,시각디자인산업기사
C434,2028,시각디자인산업기사
C471,2024,가스산업기사
C471,2025,가스산업기사
C471,2026,가스산업기사
C471,2027,가스산업기사
C471,2028,가스산업기사
C521,2024,잠수산업기사
C521,2025,잠수산업기사
C521,2026,잠수산업기사
C521,2027,잠수산업기사
C521,2028,잠수산업기사
C562,2024,식물보호산업기사
C562,2025,식물보호산업기사
C562,2026,식물보호산업기사
C562,2027,식물보호산업기사
C562,2028,식물보호산업기사
C570,2024,바이오화학제품제조산업기사
C570,2025,바이오화학제품제조산업기사
C570,2026,바이오화학제품제조산업기사
C570,2027,바이오화학제품제조산업기사
C570,2028,바이오화학제품제조산업기사
C572,2024,수질환경산업기사
C572,2025,수질환경산업기사
C572,2026,수질환경산업기사
C572,2027,수질환경산업기사
C572,2028,수질환경산업기사
C590,2024,공조냉동기계산업기사
C590,2025,공조냉동기계산업기사
C590,2026,공조냉동기계산업기사
C590,2027,공조냉동기계산업기사
C590,2028,공조냉동기계산업기사
C625,2024,화훼장식산업기사
C625,2025,화훼장식산업기사
C625,2026,화훼장식산업기사
C625,2027,화훼장식산업기사
C625,2028,화훼장식산업기사
C760,2024,귀금속가공산업기사
C760,2025,귀금속가공산업기사
C760,2026,귀금속가공산업기사
C760,2027,귀금속가공산업기사
C760,2028,귀금속가공산업기사
C811,2024,제과산업기사
C811,2025,제과산업기사
C811,2026,제과산업기사
C811,2027,제과산업기사
C811,2028,제과산업기사
C812,2024,제빵산업기사
C812,2025,제빵산업기사
C812,2026,제빵산업기사
C812,2027,제빵산업기사
C812,2028,제빵산업기사
C880,2024,보석디자인산업기사
C880,2025,보석디자인산업기사
C880,2026,보석디자인산업기사
C880,2027,보석디자인산업기사
C880,2028,보석디자인산업기사
C900,2024,소방설비산업기사(기계분야)
C900,2025,소방설비산업기사(기계분야)
C900,2026,소방설비산업기사(기계분야)
C900,2027,소방설비산업기사(기계분야)
C900,2028,소방설비산업기사(기계분야)
C910,2024,소방설비산업기사(전기분야)
C910,2025,소방설비산업기사(전기분야)
C910,2026,소방설비산업기사(전기분야)
C910,2027,소방설비산업기사(전기분야)
C910,2028,소방설비산업기사(전기분야)
C938,2024,자연생태복원산업기사
C938,2025,자연생태복원산업기사
C938,2026,자연생태복원산업기사
C938,2027,자연생태복원산업기사
C938,2028,자연생태복원산업기사
C960,2024,에너지관리산업기사
C960,2025,에너지관리산업기사
C960,2026,에너지관리산업기사
C960,2027,에너지관리산업기사
C960,2028,에너지관리산업기사
C971,2024,한식조리산업기사
C971,2025,한식조리산업기사
C971,2026,한식조리산업기사
C971,2027,한식조리산업기사
C971,2028,한식조리산업기사
C972,2024,양식조리산업기사
C972,2025,양식조리산업기사
C972,2026,양식조리산업기사
C972,2027,양식조리산업기사
C972,2028,양식조리산업기사
C982,2024,컬러리스트산업기사
C982,2025,컬러리스트산업기사
C982,2026,컬러리스트산업기사
C982,2027,컬러리스트산업기사
C982,2028,컬러리스트산업기사
E032,2024,컴퓨터응용밀링기능사
E032,2025,컴퓨터응용밀링기능사
E032,2026,컴퓨터응용밀링기능사
E032,2027,컴퓨터응용밀링기능사
E032,2028,컴퓨터응용밀링기능사
E151,2024,전산응용기계제도기능사
E151,2025,전산응용기계제도기능사
E151,2026,전산응용기계제도기능사
E151,2027,전산응용기계제도기능사
E151,2028,전산응용기계제도기능사
E224,2024,가스텅스텐아크용접기능사
E224,2025,가스텅스텐아크용접기능사
E224,2026,가스텅스텐아크용접기능사
E224,2027,가스텅스텐아크용접기능사
E224,2028,가스텅스텐아크용접기능사
E225,2024,이산화탄소가스아크용접기능사
E225,2025,이산화탄소가스아크용접기능사
E225,2026,이산화탄소가스아크용접기능사
E225,2027,이산화탄소가스아크용접기능사
E225,2028,이산화탄소가스아크용접기능사
E251,2024,공유압기능사
E251,2025,설비보전기능사
E251,2026,설비보전기능사
E251,2027,설비보전기능사
E251,2028,설비보전기능사
E281,2024,자동차정비기능사
E281,2025,자동차정비기능사
E281,2026,자동차정비기능사
E281,2027,자동차정비기능사
E281,2028,자동차정비기능사
E294,2024,항공전기·전자정비기능사
E294,2025,항공전기·전자정비기능사
E294,2026,항공전기·전자정비기능사
E294,2027,항공전기·전자정비기능사
E294,2028,항공전기·전자정비기능사
E298,2024,건설기계정비기능사
E298,2025,건설기계정비기능사
E298,2026,건설기계정비기능사
E298,2027,건설기계정비기능사
E298,2028,건설기계정비기능사
E320,2024,공조냉동기계기능사
E320,2025,공조냉동기계기능사
E320,2026,공조냉동기계기능사
E320,2027,공조냉동기계기능사
E320,2028,공조냉동기계기능사
E415,2024,자동화설비기능사
E415,2025,자동화설비기능사
E415,2026,자동화설비기능사
E415,2027,자동화설비기능사
E415,2028,자동화설비기능사
E560,2024,화학분석기능사
E560,2025,화학분석기능사
E560,2026,화학분석기능사
E560,2027,화학분석기능사
E560,2028,화학분석기능사
E785,2024,전자캐드기능사
E785,2025,전자캐드기능사
E785,2026,전자캐드기능사
E785,2027,전자캐드기능사
E785,2028,전자캐드기능사
E790,2024,전자기능사
E790,2025,전자기능사
E790,2026,전자기능사
E790,2027,전자기능사
E790,2028,전자기능사
E791,2024,전자출판기능사
E791,2025,전자출판기능사
E791,2026,전자출판기능사
E791,2027,전자출판기능사
E791,2028,전자출판기능사
E836,2024,자동차보수도장기능사
E836,2025,자동차보수도장기능사
E836,2026,자동차보수도장기능사
E836,2027,자동차보수도장기능사
E836,2028,자동차보수도장기능사
E892,2024,정보기기운용기능사
E892,2025,정보기기운용기능사
E892,2026,정보기기운용기능사
E892,2027,정보기기운용기능사
E892,2028,정보기기운용기능사
E921,2024,정보처리기능사
E921,2025,정보처리기능사
E921,2026,프로그래밍기능사
E921,2027,프로그래밍기능사
E921,2028,프로그래밍기능사
F061,2024,전산응용건축제도기능사
F061,2025,전산응용건축제도기능사
F061,2026,전산응용건축제도기능사
F061,2027,전산응용건축제도기능사
F061,2028,전산응용건축제도기능사
F130,2024,건축목공기능사
F130,2025,건축목공기능사
F130,2026,건축목공기능사
F130,2027,건축목공기능사
F130,2028,건축목공기능사
F140,2024,가구제작기능사
F140,2025,가구제작기능사
F140,2026,가구제작기능사
F140,2027,가구제작기능사
F140,2028,가구제작기능사
F152,2024,실내건축기능사
F152,2025,실내건축기능사
F152,2026,실내건축기능사
F152,2027,실내건축기능사
F152,2028,실내건축기능사
F460,2024,귀금속가공기능사
F460,2025,귀금속가공기능사
F460,2026,귀금속가공기능사
F460,2027,귀금속가공기능사
F460,2028,귀금속가공기능사
F612,2024,잠수기능사
F612,2025,잠수기능사
F612,2026,잠수기능사
F612,2027,잠수기능사
F612,2028,잠수기능사
F620,2024,종자기능사
F620,2025,종자기능사
F620,2026,종자기능사
F620,2027,종자기능사
F620,2028,종자기능사
F625,2024,화훼장식기능사
F625,2025,화훼장식기능사
F625,2026,화훼장식기능사
F625,2027,화훼장식기능사
F625,2028,화훼장식기능사
F723,2024,한복기능사
F723,2025,한복기능사
F723,2026,한복기능사
F723,2027,한복기능사
F723,2028,한복기능사
F785,2024,3D프린터운용기능사
F785,2025,3D프린터운용기능사
F785,2026,3D프린터운용기능사
F785,2027,3D프린터운용기능사
F785,2028,3D프린터운용기능사
F796,2024,컴퓨터그래픽스운용기능사
F796,2025,컴퓨터그래픽기능사
F796,2026,컴퓨터그래픽기능사
F796,2027,컴퓨터그래픽기능사
F796,2028,컴퓨터그래픽기능사
F798,2024,웹디자인기능사
F798,2025,웹디자인개발기능사
F798,2026,웹디자인개발기능사
F798,2027,웹디자인개발기능사
F798,2028,웹디자인개발기능사
F834,2024,타워크레인운전기능사
F834,2025,타워크레인운전기능사
F834,2026,타워크레인운전기능사
F834,2027,타워크레인운전기능사
F834,2028,타워크레인운전기능사
F862,2024,굴착기운전기능사
F862,2025,굴착기운전기능사
F862,2026,굴착기운전기능사
F862,2027,굴착기운전기능사
F862,2028,굴착기운전기능사
F892,2024,제과기능사
F892,2025,제과기능사
F892,2026,제과기능사
F892,2027,제과기능사
F892,2028,제과기능사
F893,2024,제빵기능사
F893,2025,제빵기능사
F893,2026,제빵기능사
F893,2027,제빵기능사
F893,2028,제빵기능사
F895,2024,양장기능사
F895,2025,여성복기능사
F895,2026,여성복기능사
F895,2027,여성복기능사
F895,2028,여성복기능사
F900,2024,조경기능사
F900,2025,조경기능사
F900,2026,조경기능사
F900,2027,조경기능사
F900,2028,조경기능사
F901,2024,원예기능사
F901,2025,원예기능사
F901,2026,원예기능사
F901,2027,원예기능사
F901,2028,원예기능사
F908,2024,이용사
F908,2025,이용사
F908,2026,이용사
F908,2027,이용사
F908,2028,이용사
F910,2024,한식조리기능사
F910,2025,한식조리기능사
F910,2026,한식조리기능사
F910,2027,한식조리기능사
F910,2028,한식조리기능사
F911,2024,양식조리기능사
F911,2025,양식조리기능사
F911,2026,양식조리기능사
F911,2027,양식조리기능사
F911,2028,양식조리기능사
F913,2024,중식조리기능사
F913,2025,중식조리기능사
F913,2026,중식조리기능사
F913,2027,중식조리기능사
F913,2028,중식조리기능사
F916,2024,조주기능사
F916,2025,조주기능사
F916,2026,조주기능사
F916,2027,조주기능사
F916,2028,조주기능사
F937,2024,미용사(일반)
F937,2025,미용사(일반)
F937,2026,미용사(일반)
F937,2027,미용사(일반)
F937,2028,미용사(일반)
F947,2024,미용사(피부)
F947,2025,미용사(피부)
F947,2026,미용사(피부)
F947,2027,미용사(피부)
F947,2028,미용사(피부)
F957,2024,미용사(네일)
F957,2025,미용사(네일)
F957,2026,미용사(네일)
F957,2027,미용사(네일)
F957,2028,미용사(네일)
F967,2024,미용사(메이크업)
F967,2025,미용사(메이크업)
F967,2026,미용사(메이크업)
F967,2027,미용사(메이크업)
F967,2028,미용사(메이크업)
F970,2024,화약취급기능사
F970,2025,화약취급기능사
F970,2026,화약취급기능사
F970,2027,화약취급기능사
F970,2028,화약취급기능사
G510,2024,직업상담사1급
G510,2025,직업상담사1급
G510,2026,직업상담사1급
G510,2027,직업상담사1급
G510,2028,직업상담사1급
G511,2024,직업상담사2급
G511,2025,직업상담사2급
G511,2026,직업상담사2급
G511,2027,직업상담사2급
G511,2028,직업상담사2급
G536,2024,컨벤션기획사2급
G536,2025,컨벤션기획사2급
G536,2026,컨벤션기획사2급
G536,2027,컨벤션기획사2급
G536,2028,컨벤션기획사2급
G622,2024,전산회계운용사2급
G622,2025,전산회계운용사2급
G622,2026,전산회계운용사2급
G622,2027,전산회계운용사2급
G622,2028,전산회계운용사2급
